{"v":"5.7.4","fr":29.9700012207031,"ip":0,"op":160.000006516934,"w":500,"h":500,"nm":"DNF 01","ddd":0,"assets":[],"layers":[{"ddd":0,"ind":1,"ty":4,"nm":"No Data Found Outlines","sr":1,"ks":{"o":{"a":0,"k":100,"ix":11},"r":{"a":0,"k":0,"ix":10},"p":{"a":0,"k":[255,124,0],"ix":2,"l":2},"a":{"a":0,"k":[0,0,0],"ix":1,"l":2},"s":{"a":1,"k":[{"i":{"x":[0.535,0.535,0.667],"y":[0.964,0.964,1]},"o":{"x":[0.333,0.333,0.333],"y":[0,0,0]},"t":33,"s":[86.901,86.901,100]},{"i":{"x":[0.663,0.663,0.667],"y":[-0.778,-0.778,1]},"o":{"x":[0.326,0.326,0.333],"y":[-1.837,-1.837,0]},"t":36,"s":[93.901,93.901,100]},{"i":{"x":[0.667,0.667,0.667],"y":[1,1,1]},"o":{"x":[0.388,0.388,0.333],"y":[0.044,0.044,0]},"t":64,"s":[93.901,93.901,100]},{"i":{"x":[0.833,0.833,0.833],"y":[1,1,1]},"o":{"x":[0.167,0.167,0.167],"y":[0,0,0]},"t":68,"s":[86.901,86.901,100]},{"i":{"x":[0.535,0.535,0.667],"y":[0.964,0.964,1]},"o":{"x":[0.333,0.333,0.333],"y":[0,0,0]},"t":121,"s":[86.901,86.901,100]},{"i":{"x":[0.663,0.663,0.667],"y":[-0.778,-0.778,1]},"o":{"x":[0.326,0.326,0.333],"y":[-1.837,-1.837,0]},"t":124,"s":[93.901,93.901,100]},{"i":{"x":[0.667,0.667,0.667],"y":[1,1,1]},"o":{"x":[0.388,0.388,0.333],"y":[0.044,0.044,0]},"t":152,"s":[93.901,93.901,100]},{"t":156.00000635401,"s":[86.901,86.901,100]}],"ix":6,"l":2}},"ao":0,"shapes":[{"ty":"gr","it":[{"ind":0,"ty":"sh","ix":1,"ks":{"a":0,"k":{"i":[[0,0],[0,0],[0,0],[0,0],[0,0],[0,0],[0,0],[0,0],[0,0],[0,0]],"o":[[0,0],[0,0],[0,0],[0,0],[0,0],[0,0],[0,0],[0,0],[0,0],[0,0]],"v":[[-114.009,-27.727],[-120.675,-27.727],[-120.675,-10.474],[-130.482,-27.727],[-137.166,-27.727],[-137.166,0],[-130.482,0],[-130.482,-17.253],[-120.655,0],[-114.009,0]],"c":true},"ix":2},"nm":"N","mn":"ADBE Vector Shape - Group","hd":false},{"ty":"fl","c":{"a":0,"k":[0.447058823529,0.447058823529,0.447058823529,1],"ix":4},"o":{"a":0,"k":100,"ix":5},"r":1,"bm":0,"nm":"Fill 1","mn":"ADBE Vector Graphic - Fill","hd":false},{"ty":"tr","p":{"a":0,"k":[0,0],"ix":2},"a":{"a":0,"k":[0,0],"ix":1},"s":{"a":0,"k":[100,100],"ix":3},"r":{"a":0,"k":0,"ix":6},"o":{"a":0,"k":100,"ix":7},"sk":{"a":0,"k":0,"ix":4},"sa":{"a":0,"k":0,"ix":5},"nm":"Transform"}],"nm":"N","np":3,"cix":2,"bm":0,"ix":1,"mn":"ADBE Vector Group","hd":false},{"ty":"gr","it":[{"ind":0,"ty":"sh","ix":1,"ks":{"a":0,"k":{"i":[[0,0],[-1.778,-1.758],[-2.933,0],[-1.784,1.885],[0,3.212],[0,0],[1.777,1.911],[3.085,0],[1.498,-0.863],[0.8,-1.606],[0,-2.057]],"o":[[0.14,3.009],[1.777,1.758],[3.047,0],[1.783,-1.885],[0,0],[0,-3.288],[-1.778,-1.911],[-2.019,0],[-1.498,0.863],[-0.8,1.606],[0,0]],"v":[[-109.112,-9.407],[-106.237,-2.257],[-99.172,0.381],[-91.926,-2.447],[-89.251,-10.093],[-89.251,-10.321],[-91.917,-18.119],[-99.21,-20.985],[-104.485,-19.69],[-107.932,-15.987],[-109.131,-10.493]],"c":true},"ix":2},"nm":"o","mn":"ADBE Vector Shape - Group","hd":false},{"ind":1,"ty":"sh","ix":2,"ks":{"a":0,"k":{"i":[[0,0],[-2.146,0],[0,-3.694],[0,0],[2.285,0],[0.597,0.889],[0,1.904]],"o":[[0.178,-3.186],[2.361,0],[0,0],[-0.051,3.517],[-1.168,0],[-0.597,-0.888],[0,0]],"v":[[-102.695,-11.254],[-99.21,-16.034],[-95.668,-10.493],[-95.668,-9.845],[-99.172,-4.57],[-101.819,-5.903],[-102.714,-10.093]],"c":true},"ix":2},"nm":"o","mn":"ADBE Vector Shape - Group","hd":false},{"ty":"mm","mm":1,"nm":"Merge Paths 1","mn":"ADBE Vector Filter - Merge","hd":false},{"ty":"fl","c":{"a":0,"k":[0.447058823529,0.447058823529,0.447058823529,1],"ix":4},"o":{"a":0,"k":100,"ix":5},"r":1,"bm":0,"nm":"Fill 1","mn":"ADBE Vector Graphic - Fill","hd":false},{"ty":"tr","p":{"a":0,"k":[0,0],"ix":2},"a":{"a":0,"k":[0,0],"ix":1},"s":{"a":0,"k":[100,100],"ix":3},"r":{"a":0,"k":0,"ix":6},"o":{"a":0,"k":100,"ix":7},"sk":{"a":0,"k":0,"ix":4},"sa":{"a":0,"k":0,"ix":5},"nm":"Transform"}],"nm":"o","np":5,"cix":2,"bm":0,"ix":2,"mn":"ADBE Vector Group","hd":false},{"ty":"gr","it":[{"ind":0,"ty":"sh","ix":1,"ks":{"a":0,"k":{"i":[[0,0],[-1.949,1.136],[-1.073,2.012],[0,2.539],[0,0],[1.098,2.025],[1.955,1.111],[2.45,0],[0,0],[0,0]],"o":[[2.399,-0.012],[1.949,-1.136],[1.073,-2.012],[0,0],[-0.013,-2.514],[-1.098,-2.025],[-1.955,-1.111],[0,0],[0,0],[0,0]],"v":[[-63.784,0],[-57.262,-1.723],[-52.73,-6.446],[-51.12,-13.273],[-51.12,-14.549],[-52.787,-21.357],[-57.367,-26.06],[-63.974,-27.727],[-72.906,-27.727],[-72.906,0]],"c":true},"ix":2},"nm":"D","mn":"ADBE Vector Shape - Group","hd":false},{"ind":1,"ty":"sh","ix":2,"ks":{"a":0,"k":{"i":[[0,0],[-1.028,-1.358],[0,-2.679],[0,0],[1.028,-1.365],[1.917,0],[0,0],[0,0]],"o":[[1.968,0],[1.028,1.359],[0,0],[0,2.692],[-1.028,1.365],[0,0],[0,0],[0,0]],"v":[[-63.974,-22.566],[-59.48,-20.528],[-57.938,-14.473],[-57.938,-13.273],[-59.48,-7.189],[-63.898,-5.142],[-66.222,-5.142],[-66.222,-22.566]],"c":true},"ix":2},"nm":"D","mn":"ADBE Vector Shape - Group","hd":false},{"ty":"mm","mm":1,"nm":"Merge Paths 1","mn":"ADBE Vector Filter - Merge","hd":false},{"ty":"fl","c":{"a":0,"k":[0.447058823529,0.447058823529,0.447058823529,1],"ix":4},"o":{"a":0,"k":100,"ix":5},"r":1,"bm":0,"nm":"Fill 1","mn":"ADBE Vector Graphic - Fill","hd":false},{"ty":"tr","p":{"a":0,"k":[0,0],"ix":2},"a":{"a":0,"k":[0,0],"ix":1},"s":{"a":0,"k":[100,100],"ix":3},"r":{"a":0,"k":0,"ix":6},"o":{"a":0,"k":100,"ix":7},"sk":{"a":0,"k":0,"ix":4},"sa":{"a":0,"k":0,"ix":5},"nm":"Transform"}],"nm":"D","np":5,"cix":2,"bm":0,"ix":3,"mn":"ADBE Vector Group","hd":false},{"ty":"gr","it":[{"ind":0,"ty":"sh","ix":1,"ks":{"a":0,"k":{"i":[[0,0],[0,0],[0.025,1.892],[0,0],[1.523,1.282],[2.628,0],[1.695,-1.243],[0,-1.991],[0,0],[-1.523,0],[0,-1.901],[0,0],[0,0],[1.65,-1.143],[0,-2.234],[-1.359,-1.174],[-1.942,0],[-1.181,1.485],[-0.229,-0.419]],"o":[[0,0],[-0.559,-1.003],[0,0],[-0.038,-2.234],[-1.523,-1.282],[-2.628,0],[-1.695,1.243],[0,0],[0,-1.505],[1.638,0],[0,0],[0,0],[-3.149,0],[-1.65,1.143],[0,1.778],[1.358,1.174],[2.12,0],[0.178,0.813],[0,0]],"v":[[-28.209,0],[-28.209,-0.324],[-29.085,-4.666],[-29.085,-13.787],[-31.427,-19.062],[-37.654,-20.985],[-44.138,-19.121],[-46.68,-14.271],[-40.263,-14.271],[-37.978,-16.529],[-35.521,-13.678],[-35.521,-12.587],[-37.502,-12.587],[-44.7,-10.874],[-47.176,-5.808],[-45.138,-1.381],[-40.187,0.381],[-35.236,-1.847],[-34.626,0]],"c":true},"ix":2},"nm":"a","mn":"ADBE Vector Shape - Group","hd":false},{"ind":1,"ty":"sh","ix":2,"ks":{"a":0,"k":{"i":[[0.393,0.362],[0,0.584],[-2.235,0],[0,0],[0,0],[0.527,-0.343],[0.8,0]],"o":[[-0.394,-0.362],[0,-2.006],[0,0],[0,0],[-0.229,0.432],[-0.527,0.343],[-0.609,0]],"v":[[-40.149,-4.732],[-40.739,-6.151],[-37.387,-9.16],[-35.521,-9.16],[-35.521,-5.865],[-36.654,-4.704],[-38.644,-4.189]],"c":true},"ix":2},"nm":"a","mn":"ADBE Vector Shape - Group","hd":false},{"ty":"mm","mm":1,"nm":"Merge Paths 1","mn":"ADBE Vector Filter - Merge","hd":false},{"ty":"fl","c":{"a":0,"k":[0.447058823529,0.447058823529,0.447058823529,1],"ix":4},"o":{"a":0,"k":100,"ix":5},"r":1,"bm":0,"nm":"Fill 1","mn":"ADBE Vector Graphic - Fill","hd":false},{"ty":"tr","p":{"a":0,"k":[0,0],"ix":2},"a":{"a":0,"k":[0,0],"ix":1},"s":{"a":0,"k":[100,100],"ix":3},"r":{"a":0,"k":0,"ix":6},"o":{"a":0,"k":100,"ix":7},"sk":{"a":0,"k":0,"ix":4},"sa":{"a":0,"k":0,"ix":5},"nm":"Transform"}],"nm":"a","np":5,"cix":2,"bm":0,"ix":4,"mn":"ADBE Vector Group","hd":false},{"ty":"gr","it":[{"ind":0,"ty":"sh","ix":1,"ks":{"a":0,"k":{"i":[[0,0],[0,0],[0,0],[0,0],[0,0],[0,0],[-1.054,-1.041],[-2.209,0],[-1.155,0.368],[0,0],[0.635,0],[0.279,0.305],[0,0.775],[0,0],[0,0],[0,0],[0,0],[0,0]],"o":[[0,0],[0,0],[0,0],[0,0],[0,0],[0,2.12],[1.054,1.041],[1.257,0],[0,0],[-0.432,0.076],[-0.825,0],[-0.279,-0.305],[0,0],[0,0],[0,0],[0,0],[0,0],[0,0]],"v":[[-22.721,-25.727],[-22.721,-20.604],[-25.349,-20.604],[-25.349,-16.148],[-22.721,-16.148],[-22.721,-5.922],[-21.141,-1.181],[-16.247,0.381],[-12.629,-0.171],[-12.629,-4.761],[-14.228,-4.646],[-15.885,-5.104],[-16.304,-6.722],[-16.304,-16.148],[-12.914,-16.148],[-12.914,-20.604],[-16.304,-20.604],[-16.304,-25.727]],"c":true},"ix":2},"nm":"t","mn":"ADBE Vector Shape - Group","hd":false},{"ty":"fl","c":{"a":0,"k":[0.447058823529,0.447058823529,0.447058823529,1],"ix":4},"o":{"a":0,"k":100,"ix":5},"r":1,"bm":0,"nm":"Fill 1","mn":"ADBE Vector Graphic - Fill","hd":false},{"ty":"tr","p":{"a":0,"k":[0,0],"ix":2},"a":{"a":0,"k":[0,0],"ix":1},"s":{"a":0,"k":[100,100],"ix":3},"r":{"a":0,"k":0,"ix":6},"o":{"a":0,"k":100,"ix":7},"sk":{"a":0,"k":0,"ix":4},"sa":{"a":0,"k":0,"ix":5},"nm":"Transform"}],"nm":"t","np":3,"cix":2,"bm":0,"ix":5,"mn":"ADBE Vector Group","hd":false},{"ty":"gr","it":[{"ind":0,"ty":"sh","ix":1,"ks":{"a":0,"k":{"i":[[0,0],[0,0],[0.025,1.892],[0,0],[1.523,1.282],[2.628,0],[1.695,-1.243],[0,-1.991],[0,0],[-1.523,0],[0,-1.901],[0,0],[0,0],[1.65,-1.143],[0,-2.234],[-1.359,-1.174],[-1.942,0],[-1.181,1.485],[-0.229,-0.419]],"o":[[0,0],[-0.559,-1.003],[0,0],[-0.038,-2.234],[-1.523,-1.282],[-2.628,0],[-1.695,1.243],[0,0],[0,-1.505],[1.638,0],[0,0],[0,0],[-3.149,0],[-1.65,1.143],[0,1.778],[1.358,1.174],[2.12,0],[0.178,0.813],[0,0]],"v":[[9.388,0],[9.388,-0.324],[8.512,-4.666],[8.512,-13.787],[6.17,-19.062],[-0.057,-20.985],[-6.541,-19.121],[-9.083,-14.271],[-2.666,-14.271],[-0.381,-16.529],[2.076,-13.678],[2.076,-12.587],[0.095,-12.587],[-7.103,-10.874],[-9.579,-5.808],[-7.541,-1.381],[-2.59,0.381],[2.361,-1.847],[2.971,0]],"c":true},"ix":2},"nm":"a","mn":"ADBE Vector Shape - Group","hd":false},{"ind":1,"ty":"sh","ix":2,"ks":{"a":0,"k":{"i":[[0.393,0.362],[0,0.584],[-2.235,0],[0,0],[0,0],[0.527,-0.343],[0.8,0]],"o":[[-0.394,-0.362],[0,-2.006],[0,0],[0,0],[-0.229,0.432],[-0.527,0.343],[-0.609,0]],"v":[[-2.552,-4.732],[-3.142,-6.151],[0.209,-9.16],[2.076,-9.16],[2.076,-5.865],[0.943,-4.704],[-1.047,-4.189]],"c":true},"ix":2},"nm":"a","mn":"ADBE Vector Shape - Group","hd":false},{"ty":"mm","mm":1,"nm":"Merge Paths 1","mn":"ADBE Vector Filter - Merge","hd":false},{"ty":"fl","c":{"a":0,"k":[0.447058823529,0.447058823529,0.447058823529,1],"ix":4},"o":{"a":0,"k":100,"ix":5},"r":1,"bm":0,"nm":"Fill 1","mn":"ADBE Vector Graphic - Fill","hd":false},{"ty":"tr","p":{"a":0,"k":[0,0],"ix":2},"a":{"a":0,"k":[0,0],"ix":1},"s":{"a":0,"k":[100,100],"ix":3},"r":{"a":0,"k":0,"ix":6},"o":{"a":0,"k":100,"ix":7},"sk":{"a":0,"k":0,"ix":4},"sa":{"a":0,"k":0,"ix":5},"nm":"Transform"}],"nm":"a","np":5,"cix":2,"bm":0,"ix":6,"mn":"ADBE Vector Group","hd":false},{"ty":"gr","it":[{"ind":0,"ty":"sh","ix":1,"ks":{"a":0,"k":{"i":[[0,0],[0,0],[0,0],[0,0],[0,0],[0,0],[0,0],[0,0],[0,0],[0,0]],"o":[[0,0],[0,0],[0,0],[0,0],[0,0],[0,0],[0,0],[0,0],[0,0],[0,0]],"v":[[43.043,-16.187],[32.265,-16.187],[32.265,-22.566],[44.129,-22.566],[44.129,-27.727],[25.581,-27.727],[25.581,0],[32.265,0],[32.265,-11.045],[43.043,-11.045]],"c":true},"ix":2},"nm":"F","mn":"ADBE Vector Shape - Group","hd":false},{"ty":"fl","c":{"a":0,"k":[0.447058823529,0.447058823529,0.447058823529,1],"ix":4},"o":{"a":0,"k":100,"ix":5},"r":1,"bm":0,"nm":"Fill 1","mn":"ADBE Vector Graphic - Fill","hd":false},{"ty":"tr","p":{"a":0,"k":[0,0],"ix":2},"a":{"a":0,"k":[0,0],"ix":1},"s":{"a":0,"k":[100,100],"ix":3},"r":{"a":0,"k":0,"ix":6},"o":{"a":0,"k":100,"ix":7},"sk":{"a":0,"k":0,"ix":4},"sa":{"a":0,"k":0,"ix":5},"nm":"Transform"}],"nm":"F","np":3,"cix":2,"bm":0,"ix":7,"mn":"ADBE Vector Group","hd":false},{"ty":"gr","it":[{"ind":0,"ty":"sh","ix":1,"ks":{"a":0,"k":{"i":[[0,0],[-1.778,-1.758],[-2.933,0],[-1.784,1.885],[0,3.212],[0,0],[1.777,1.911],[3.085,0],[1.498,-0.863],[0.8,-1.606],[0,-2.057]],"o":[[0.14,3.009],[1.777,1.758],[3.047,0],[1.783,-1.885],[0,0],[0,-3.288],[-1.778,-1.911],[-2.019,0],[-1.498,0.863],[-0.8,1.606],[0,0]],"v":[[47.179,-9.407],[50.054,-2.257],[57.119,0.381],[64.365,-2.447],[67.04,-10.093],[67.04,-10.321],[64.374,-18.119],[57.081,-20.985],[51.806,-19.69],[48.359,-15.987],[47.16,-10.493]],"c":true},"ix":2},"nm":"o","mn":"ADBE Vector Shape - Group","hd":false},{"ind":1,"ty":"sh","ix":2,"ks":{"a":0,"k":{"i":[[0,0],[-2.146,0],[0,-3.694],[0,0],[2.285,0],[0.597,0.889],[0,1.904]],"o":[[0.178,-3.186],[2.361,0],[0,0],[-0.051,3.517],[-1.168,0],[-0.597,-0.888],[0,0]],"v":[[53.596,-11.254],[57.081,-16.034],[60.623,-10.493],[60.623,-9.845],[57.119,-4.57],[54.472,-5.903],[53.577,-10.093]],"c":true},"ix":2},"nm":"o","mn":"ADBE Vector Shape - Group","hd":false},{"ty":"mm","mm":1,"nm":"Merge Paths 1","mn":"ADBE Vector Filter - Merge","hd":false},{"ty":"fl","c":{"a":0,"k":[0.447058823529,0.447058823529,0.447058823529,1],"ix":4},"o":{"a":0,"k":100,"ix":5},"r":1,"bm":0,"nm":"Fill 1","mn":"ADBE Vector Graphic - Fill","hd":false},{"ty":"tr","p":{"a":0,"k":[0,0],"ix":2},"a":{"a":0,"k":[0,0],"ix":1},"s":{"a":0,"k":[100,100],"ix":3},"r":{"a":0,"k":0,"ix":6},"o":{"a":0,"k":100,"ix":7},"sk":{"a":0,"k":0,"ix":4},"sa":{"a":0,"k":0,"ix":5},"nm":"Transform"}],"nm":"o","np":5,"cix":2,"bm":0,"ix":8,"mn":"ADBE Vector Group","hd":false},{"ty":"gr","it":[{"ind":0,"ty":"sh","ix":1,"ks":{"a":0,"k":{"i":[[0,0],[0,0],[0,0],[0,0],[0,0],[1.473,0],[0,1.765],[0,0],[0,0],[0,0],[-1.162,-1.314],[-2.26,0],[-1.359,1.739]],"o":[[0,0],[0,0],[0,0],[0,0],[-0.622,1.054],[-1.714,0],[0,0],[0,0],[0,0],[0,2.463],[1.162,1.314],[2.31,0],[0,0]],"v":[[84.087,0],[90.104,0],[90.104,-20.604],[83.649,-20.604],[83.649,-6.151],[80.507,-4.57],[77.936,-7.217],[77.936,-20.604],[71.519,-20.604],[71.519,-7.255],[73.261,-1.59],[78.393,0.381],[83.896,-2.228]],"c":true},"ix":2},"nm":"u","mn":"ADBE Vector Shape - Group","hd":false},{"ty":"fl","c":{"a":0,"k":[0.447058823529,0.447058823529,0.447058823529,1],"ix":4},"o":{"a":0,"k":100,"ix":5},"r":1,"bm":0,"nm":"Fill 1","mn":"ADBE Vector Graphic - Fill","hd":false},{"ty":"tr","p":{"a":0,"k":[0,0],"ix":2},"a":{"a":0,"k":[0,0],"ix":1},"s":{"a":0,"k":[100,100],"ix":3},"r":{"a":0,"k":0,"ix":6},"o":{"a":0,"k":100,"ix":7},"sk":{"a":0,"k":0,"ix":4},"sa":{"a":0,"k":0,"ix":5},"nm":"Transform"}],"nm":"u","np":3,"cix":2,"bm":0,"ix":9,"mn":"ADBE Vector Group","hd":false},{"ty":"gr","it":[{"ind":0,"ty":"sh","ix":1,"ks":{"a":0,"k":{"i":[[0,0],[0,0],[0,0],[0,0],[-1.257,0],[-0.419,-0.489],[0,-1.041],[0,0],[0,0],[0,0],[1.06,1.282],[2.145,0],[1.422,-1.866],[0,0]],"o":[[0,0],[0,0],[0,0],[0.609,-0.99],[1.104,0],[0.419,0.489],[0,0],[0,0],[0,0],[-0.038,-2.577],[-1.06,-1.282],[-2.501,0],[0,0],[0,0]],"v":[[95.249,-20.604],[95.249,0],[101.667,0],[101.667,-14.549],[104.466,-16.034],[106.751,-15.301],[107.379,-13.006],[107.379,0],[113.816,0],[113.816,-13.273],[112.169,-19.062],[107.36,-20.985],[101.476,-18.186],[101.267,-20.604]],"c":true},"ix":2},"nm":"n","mn":"ADBE Vector Shape - Group","hd":false},{"ty":"fl","c":{"a":0,"k":[0.447058823529,0.447058823529,0.447058823529,1],"ix":4},"o":{"a":0,"k":100,"ix":5},"r":1,"bm":0,"nm":"Fill 1","mn":"ADBE Vector Graphic - Fill","hd":false},{"ty":"tr","p":{"a":0,"k":[0,0],"ix":2},"a":{"a":0,"k":[0,0],"ix":1},"s":{"a":0,"k":[100,100],"ix":3},"r":{"a":0,"k":0,"ix":6},"o":{"a":0,"k":100,"ix":7},"sk":{"a":0,"k":0,"ix":4},"sa":{"a":0,"k":0,"ix":5},"nm":"Transform"}],"nm":"n","np":3,"cix":2,"bm":0,"ix":10,"mn":"ADBE Vector Group","hd":false},{"ty":"gr","it":[{"ind":0,"ty":"sh","ix":1,"ks":{"a":0,"k":{"i":[[-1.435,-1.879],[-2.45,0],[-1.321,1.727],[0,0],[0,0],[0,0],[0,0],[0,0],[1.841,0],[1.409,-1.879],[0,-3.263]],"o":[[1.434,1.879],[2.031,0],[0,0],[0,0],[0,0],[0,0],[0,0],[-1.257,-1.447],[-2.526,0],[-1.409,1.879],[0,3.466]],"v":[[120.465,-2.438],[126.292,0.381],[131.32,-2.209],[131.643,0],[137.413,0],[137.413,-29.25],[130.977,-29.25],[130.977,-18.814],[126.33,-20.985],[120.427,-18.167],[118.313,-10.455]],"c":true},"ix":2},"nm":"d","mn":"ADBE Vector Shape - Group","hd":false},{"ind":1,"ty":"sh","ix":2,"ks":{"a":0,"k":{"i":[[0,0],[-1.98,0],[-0.584,-1.219],[0,0],[1.422,0],[0,3.656]],"o":[[0.165,-3.199],[1.422,0],[0,0],[-0.609,1.193],[-2.133,0],[0,0]],"v":[[124.75,-11.235],[127.968,-16.034],[130.977,-14.206],[130.977,-6.36],[127.93,-4.57],[124.731,-10.055]],"c":true},"ix":2},"nm":"d","mn":"ADBE Vector Shape - Group","hd":false},{"ty":"mm","mm":1,"nm":"Merge Paths 1","mn":"ADBE Vector Filter - Merge","hd":false},{"ty":"fl","c":{"a":0,"k":[0.447058823529,0.447058823529,0.447058823529,1],"ix":4},"o":{"a":0,"k":100,"ix":5},"r":1,"bm":0,"nm":"Fill 1","mn":"ADBE Vector Graphic - Fill","hd":false},{"ty":"tr","p":{"a":0,"k":[0,0],"ix":2},"a":{"a":0,"k":[0,0],"ix":1},"s":{"a":0,"k":[100,100],"ix":3},"r":{"a":0,"k":0,"ix":6},"o":{"a":0,"k":100,"ix":7},"sk":{"a":0,"k":0,"ix":4},"sa":{"a":0,"k":0,"ix":5},"nm":"Transform"}],"nm":"d","np":5,"cix":2,"bm":0,"ix":11,"mn":"ADBE Vector Group","hd":false}],"ip":160.000006516934,"op":160.000006516934,"st":0,"bm":0,"hidden":0},{"ddd":0,"ind":3,"ty":4,"nm":"Shape Layer 8","parent":16,"sr":1,"ks":{"o":{"a":0,"k":100,"ix":11},"r":{"a":0,"k":-5,"ix":10},"p":{"a":1,"k":[{"i":{"x":0.667,"y":0.667},"o":{"x":0.333,"y":0.333},"t":0,"s":[89.176,115.065,0],"to":[0,0,0],"ti":[0,0,0]},{"i":{"x":0.667,"y":1},"o":{"x":0.333,"y":0},"t":22,"s":[89.176,115.065,0],"to":[-0.057,-0.489,0],"ti":[0,0,0]},{"i":{"x":0.667,"y":1},"o":{"x":0.333,"y":0},"t":36,"s":[88.834,112.134,0],"to":[0,0,0],"ti":[-0.057,-0.489,0]},{"i":{"x":0.667,"y":0.667},"o":{"x":0.333,"y":0.333},"t":50,"s":[89.176,115.065,0],"to":[0,0,0],"ti":[0,0,0]},{"i":{"x":0.667,"y":0.667},"o":{"x":0.333,"y":0.333},"t":100,"s":[89.176,115.065,0],"to":[0,0,0],"ti":[0,0,0]},{"i":{"x":0.667,"y":1},"o":{"x":0.333,"y":0},"t":122,"s":[89.176,115.065,0],"to":[-0.057,-0.489,0],"ti":[0,0,0]},{"i":{"x":0.667,"y":1},"o":{"x":0.333,"y":0},"t":136,"s":[88.834,112.134,0],"to":[0,0,0],"ti":[-0.057,-0.489,0]},{"t":150.000006109625,"s":[89.176,115.065,0]}],"ix":2,"l":2},"a":{"a":0,"k":[178.5,-32.5,0],"ix":1,"l":2},"s":{"a":0,"k":[65.589,65.589,100],"ix":6,"l":2}},"ao":0,"shapes":[{"ty":"gr","it":[{"ind":0,"ty":"sh","ix":1,"ks":{"a":0,"k":{"i":[[0,0],[-19.204,-8.051]],"o":[[0,0],[19.737,8.274]],"v":[[163,-28],[190.938,-28.828]],"c":false},"ix":2},"nm":"Path 1","mn":"ADBE Vector Shape - Group","hd":false},{"ty":"st","c":{"a":0,"k":[0.8156862745098039,0.00784313725490196,0.10588235294117647,1],"ix":3},"o":{"a":0,"k":100,"ix":4},"w":{"a":0,"k":3,"ix":5},"lc":2,"lj":1,"ml":4,"bm":0,"nm":"Stroke 1","mn":"ADBE Vector Graphic - Stroke","hd":false},{"ty":"tr","p":{"a":0,"k":[177.5,-33],"ix":2},"a":{"a":0,"k":[177.5,-33],"ix":1},"s":{"a":0,"k":[100,100],"ix":3},"r":{"a":0,"k":0,"ix":6},"o":{"a":0,"k":100,"ix":7},"sk":{"a":0,"k":0,"ix":4},"sa":{"a":0,"k":0,"ix":5},"nm":"Transform"}],"nm":"Shape 1","np":3,"cix":2,"bm":0,"ix":1,"mn":"ADBE Vector Group","hd":false}],"ip":0,"op":160.000006516934,"st":0,"bm":0},{"ddd":0,"ind":4,"ty":4,"nm":"Shape Layer 7","parent":5,"sr":1,"ks":{"o":{"a":1,"k":[{"i":{"x":[0.667],"y":[1]},"o":{"x":[0.333],"y":[0]},"t":0,"s":[100]},{"i":{"x":[0.667],"y":[1]},"o":{"x":[0.333],"y":[0]},"t":36,"s":[100]},{"i":{"x":[0.667],"y":[1]},"o":{"x":[0.333],"y":[0]},"t":40,"s":[40]},{"i":{"x":[0.667],"y":[1]},"o":{"x":[0.333],"y":[0]},"t":46,"s":[100]},{"i":{"x":[0.667],"y":[1]},"o":{"x":[0.333],"y":[0]},"t":75,"s":[100]},{"i":{"x":[0.667],"y":[1]},"o":{"x":[0.333],"y":[0]},"t":79,"s":[40]},{"i":{"x":[0.667],"y":[1]},"o":{"x":[0.333],"y":[0]},"t":85,"s":[100]},{"i":{"x":[0.667],"y":[1]},"o":{"x":[0.333],"y":[0]},"t":90,"s":[100]},{"i":{"x":[0.667],"y":[1]},"o":{"x":[0.333],"y":[0]},"t":94,"s":[40]},{"i":{"x":[0.667],"y":[1]},"o":{"x":[0.333],"y":[0]},"t":100,"s":[100]},{"i":{"x":[0.667],"y":[1]},"o":{"x":[0.333],"y":[0]},"t":128,"s":[100]},{"i":{"x":[0.667],"y":[1]},"o":{"x":[0.333],"y":[0]},"t":132,"s":[40]},{"t":138.000005620855,"s":[100]}],"ix":11},"r":{"a":0,"k":0,"ix":10},"p":{"a":0,"k":[-119,-65,0],"ix":2,"l":2},"a":{"a":0,"k":[-206,55,0],"ix":1,"l":2},"s":{"a":0,"k":[98.889,98.889,100],"ix":6,"l":2}},"ao":0,"shapes":[{"ty":"gr","it":[{"d":1,"ty":"el","s":{"a":0,"k":[19,19],"ix":2},"p":{"a":0,"k":[0,0],"ix":3},"nm":"Ellipse Path 1","mn":"ADBE Vector Shape - Ellipse","hd":false},{"ty":"fl","c":{"a":0,"k":[1,1,1,1],"ix":4},"o":{"a":0,"k":100,"ix":5},"r":1,"bm":0,"nm":"Fill 1","mn":"ADBE Vector Graphic - Fill","hd":false},{"ty":"tr","p":{"a":0,"k":[-206.5,55.5],"ix":2},"a":{"a":0,"k":[0,0],"ix":1},"s":{"a":0,"k":[100,100],"ix":3},"r":{"a":0,"k":0,"ix":6},"o":{"a":0,"k":100,"ix":7},"sk":{"a":0,"k":0,"ix":4},"sa":{"a":0,"k":0,"ix":5},"nm":"Transform"}],"nm":"Ellipse 1","np":3,"cix":2,"bm":0,"ix":1,"mn":"ADBE Vector Group","hd":false}],"ip":0,"op":160.000006516934,"st":0,"bm":0},{"ddd":0,"ind":5,"ty":4,"nm":"Shape Layer 6","sr":1,"ks":{"o":{"a":0,"k":100,"ix":11},"r":{"a":0,"k":0,"ix":10},"p":{"a":0,"k":[255,429,0],"ix":2,"l":2},"a":{"a":0,"k":[-119,-19,0],"ix":1,"l":2},"s":{"a":0,"k":[90.866,77.551,100],"ix":6,"l":2}},"ao":0,"shapes":[{"ty":"gr","it":[{"ind":0,"ty":"sh","ix":1,"ks":{"a":0,"k":{"i":[[0,0],[0,0],[0,0],[0,0]],"o":[[0,0],[0,0],[0,0],[0,0]],"v":[[-34,-117],[-208,-117],[-184,-16],[-54,-16]],"c":true},"ix":2},"nm":"Path 1","mn":"ADBE Vector Shape - Group","hd":false},{"ty":"fl","c":{"a":0,"k":[0.866666666667,0.866666666667,0.866666666667,1],"ix":4},"o":{"a":0,"k":100,"ix":5},"r":1,"bm":0,"nm":"Fill 1","mn":"ADBE Vector Graphic - Fill","hd":false},{"ty":"tr","p":{"a":0,"k":[0,0],"ix":2},"a":{"a":0,"k":[0,0],"ix":1},"s":{"a":0,"k":[100,100],"ix":3},"r":{"a":0,"k":0,"ix":6},"o":{"a":0,"k":100,"ix":7},"sk":{"a":0,"k":0,"ix":4},"sa":{"a":0,"k":0,"ix":5},"nm":"Transform"}],"nm":"Shape 1","np":3,"cix":2,"bm":0,"ix":1,"mn":"ADBE Vector Group","hd":false}],"ip":0,"op":160.000006516934,"st":0,"bm":0},{"ddd":0,"ind":6,"ty":4,"nm":"Shape Layer 9","sr":1,"ks":{"o":{"a":0,"k":100,"ix":11},"r":{"a":0,"k":0,"ix":10},"p":{"a":0,"k":[255,429,0],"ix":2,"l":2},"a":{"a":0,"k":[-119,-19,0],"ix":1,"l":2},"s":{"a":0,"k":[90.866,20.408,100],"ix":6,"l":2}},"ao":0,"shapes":[{"ty":"gr","it":[{"ind":0,"ty":"sh","ix":1,"ks":{"a":0,"k":{"i":[[0,0],[0,0],[0,0],[0,0]],"o":[[0,0],[0,0],[0,0],[0,0]],"v":[[-42.804,-117],[-196.445,-117],[-184,-16],[-54,-16]],"c":true},"ix":2},"nm":"Path 1","mn":"ADBE Vector Shape - Group","hd":false},{"ty":"fl","c":{"a":0,"k":[0.827450980392,0.827450980392,0.827450980392,1],"ix":4},"o":{"a":0,"k":100,"ix":5},"r":1,"bm":0,"nm":"Fill 1","mn":"ADBE Vector Graphic - Fill","hd":false},{"ty":"tr","p":{"a":0,"k":[0,0],"ix":2},"a":{"a":0,"k":[0,0],"ix":1},"s":{"a":0,"k":[100,100],"ix":3},"r":{"a":0,"k":0,"ix":6},"o":{"a":0,"k":100,"ix":7},"sk":{"a":0,"k":0,"ix":4},"sa":{"a":0,"k":0,"ix":5},"nm":"Transform"}],"nm":"Shape 1","np":3,"cix":2,"bm":0,"ix":1,"mn":"ADBE Vector Group","hd":false}],"ip":0,"op":160.000006516934,"st":0,"bm":0},{"ddd":0,"ind":7,"ty":4,"nm":"Shape Layer 5","sr":1,"ks":{"o":{"a":0,"k":100,"ix":11},"r":{"a":0,"k":0,"ix":10},"p":{"a":0,"k":[259,425,0],"ix":2,"l":2},"a":{"a":0,"k":[9,175,0],"ix":1,"l":2},"s":{"a":0,"k":[100,100,100],"ix":6,"l":2}},"ao":0,"shapes":[{"ty":"gr","it":[{"ty":"rc","d":1,"s":{"a":0,"k":[411,32],"ix":2},"p":{"a":0,"k":[0,0],"ix":3},"r":{"a":0,"k":9,"ix":4},"nm":"Rectangle Path 1","mn":"ADBE Vector Shape - Rect","hd":false},{"ty":"fl","c":{"a":0,"k":[0.9725490196078431,0.9058823529411765,0.10980392156862745,1],"ix":4},"o":{"a":0,"k":100,"ix":5},"r":1,"bm":0,"nm":"Fill 1","mn":"ADBE Vector Graphic - Fill","hd":false},{"ty":"tr","p":{"a":0,"k":[4.5,172],"ix":2},"a":{"a":0,"k":[0,0],"ix":1},"s":{"a":0,"k":[100,100],"ix":3},"r":{"a":0,"k":0,"ix":6},"o":{"a":0,"k":100,"ix":7},"sk":{"a":0,"k":0,"ix":4},"sa":{"a":0,"k":0,"ix":5},"nm":"Transform"}],"nm":"Rectangle 1","np":3,"cix":2,"bm":0,"ix":1,"mn":"ADBE Vector Group","hd":false}],"ip":0,"op":160.000006516934,"st":0,"bm":0},{"ddd":0,"ind":8,"ty":4,"nm":"body Outlines","sr":1,"ks":{"o":{"a":0,"k":100,"ix":11},"r":{"a":1,"k":[{"i":{"x":[0.667],"y":[1]},"o":{"x":[0.333],"y":[0]},"t":0,"s":[0]},{"i":{"x":[0.667],"y":[1]},"o":{"x":[0.333],"y":[0]},"t":38,"s":[5]},{"i":{"x":[0.667],"y":[1]},"o":{"x":[0.333],"y":[0]},"t":102,"s":[0]},{"i":{"x":[0.667],"y":[1]},"o":{"x":[0.333],"y":[0]},"t":130,"s":[5]},{"t":156.00000635401,"s":[0]}],"ix":10},"p":{"a":0,"k":[261,353,0],"ix":2,"l":2},"a":{"a":0,"k":[114.814,140.12,0],"ix":1,"l":2},"s":{"a":0,"k":[87.777,87.777,100],"ix":6,"l":2}},"ao":0,"shapes":[{"ty":"gr","it":[{"ind":0,"ty":"sh","ix":1,"ks":{"a":0,"k":{"i":[[0.163,-0.014],[0,0],[0.013,0.163],[0,0],[-0.163,0.013],[0,0],[-0.014,-0.162],[0,0]],"o":[[0,0],[-0.164,0.014],[0,0],[-0.014,-0.162],[0,0],[0.163,-0.014],[0,0],[0.014,0.163]],"v":[[7.181,-0.071],[-7.091,1.135],[-7.411,0.865],[-7.451,0.39],[-7.181,0.071],[7.091,-1.135],[7.411,-0.866],[7.451,-0.391]],"c":true},"ix":2},"nm":"Path 1","mn":"ADBE Vector Shape - Group","hd":false},{"ty":"fl","c":{"a":0,"k":[0.039000002543,0.039000002543,0.039000002543,1],"ix":4},"o":{"a":0,"k":100,"ix":5},"r":1,"bm":0,"nm":"Fill 1","mn":"ADBE Vector Graphic - Fill","hd":false},{"ty":"tr","p":{"a":0,"k":[114.081,103.568],"ix":2},"a":{"a":0,"k":[0,0],"ix":1},"s":{"a":0,"k":[138.158,137.082],"ix":3},"r":{"a":0,"k":-1.214,"ix":6},"o":{"a":0,"k":100,"ix":7},"sk":{"a":0,"k":0,"ix":4},"sa":{"a":0,"k":0,"ix":5},"nm":"Transform"}],"nm":"Group 1","np":2,"cix":2,"bm":0,"ix":1,"mn":"ADBE Vector Group","hd":false},{"ty":"gr","it":[{"ind":0,"ty":"sh","ix":1,"ks":{"a":0,"k":{"i":[[0.167,0],[0,0],[0.005,0.172],[0,0],[-0.166,-0.001],[0,0],[-0.005,-0.172],[0,0]],"o":[[0,0],[-0.167,0],[0,0],[-0.004,-0.172],[0,0],[0.167,0],[0,0],[0.005,0.172]],"v":[[7.158,0.652],[-7.479,0.623],[-7.79,0.311],[-7.802,-0.19],[-7.508,-0.499],[7.129,-0.471],[7.44,-0.159],[7.453,0.342]],"c":true},"ix":2},"nm":"Path 1","mn":"ADBE Vector Shape - Group","hd":false},{"ty":"fl","c":{"a":0,"k":[0.039000002543,0.039000002543,0.039000002543,1],"ix":4},"o":{"a":0,"k":100,"ix":5},"r":1,"bm":0,"nm":"Fill 1","mn":"ADBE Vector Graphic - Fill","hd":false},{"ty":"tr","p":{"a":0,"k":[113.729,99.402],"ix":2},"a":{"a":0,"k":[0,0],"ix":1},"s":{"a":0,"k":[128.79,100],"ix":3},"r":{"a":0,"k":-4.554,"ix":6},"o":{"a":0,"k":100,"ix":7},"sk":{"a":0,"k":0,"ix":4},"sa":{"a":0,"k":0,"ix":5},"nm":"Transform"}],"nm":"Group 2","np":2,"cix":2,"bm":0,"ix":2,"mn":"ADBE Vector Group","hd":false},{"ty":"gr","it":[{"ind":0,"ty":"sh","ix":1,"ks":{"a":0,"k":{"i":[[0,-2.168],[2.169,0],[0,2.168],[-2.168,0]],"o":[[0,2.168],[-2.168,0],[0,-2.168],[2.169,0]],"v":[[3.927,0],[-0.001,3.926],[-3.926,0],[-0.001,-3.926]],"c":true},"ix":2},"nm":"Path 1","mn":"ADBE Vector Shape - Group","hd":false},{"ty":"fl","c":{"a":0,"k":[0.9725490196078431,0.9058823529411765,0.10980392156862745,1],"ix":4},"o":{"a":0,"k":100,"ix":5},"r":1,"bm":0,"nm":"Fill 1","mn":"ADBE Vector Graphic - Fill","hd":false},{"ty":"tr","p":{"a":0,"k":[111.939,88.475],"ix":2},"a":{"a":0,"k":[0,0],"ix":1},"s":{"a":0,"k":[140.802,140.802],"ix":3},"r":{"a":0,"k":0,"ix":6},"o":{"a":0,"k":100,"ix":7},"sk":{"a":0,"k":0,"ix":4},"sa":{"a":0,"k":0,"ix":5},"nm":"Transform"}],"nm":"Group 3","np":2,"cix":2,"bm":0,"ix":3,"mn":"ADBE Vector Group","hd":false},{"ty":"gr","it":[{"ind":0,"ty":"sh","ix":1,"ks":{"a":0,"k":{"i":[[0,0],[0,0],[0,0],[0,0]],"o":[[0,0],[0,0],[0,0],[0,0]],"v":[[1.992,2.123],[-1.236,2.636],[-1.992,-2.123],[1.236,-2.636]],"c":true},"ix":2},"nm":"Path 1","mn":"ADBE Vector Shape - Group","hd":false},{"ty":"fl","c":{"a":0,"k":[1,1,1,1],"ix":4},"o":{"a":0,"k":100,"ix":5},"r":1,"bm":0,"nm":"Fill 1","mn":"ADBE Vector Graphic - Fill","hd":false},{"ty":"tr","p":{"a":0,"k":[111.205,77.184],"ix":2},"a":{"a":0,"k":[0,0],"ix":1},"s":{"a":0,"k":[100,100],"ix":3},"r":{"a":0,"k":0,"ix":6},"o":{"a":0,"k":100,"ix":7},"sk":{"a":0,"k":0,"ix":4},"sa":{"a":0,"k":0,"ix":5},"nm":"Transform"}],"nm":"Group 4","np":2,"cix":2,"bm":0,"ix":4,"mn":"ADBE Vector Group","hd":false},{"ty":"gr","it":[{"ind":0,"ty":"sh","ix":1,"ks":{"a":0,"k":{"i":[[0,0],[-21.442,-1.769],[0,0]],"o":[[0,0],[21.442,1.77],[0,0]],"v":[[-29.676,-21.792],[2.654,24.849],[29.675,-26.619]],"c":false},"ix":2},"nm":"Path 1","mn":"ADBE Vector Shape - Group","hd":false},{"ty":"st","c":{"a":0,"k":[1,1,1,1],"ix":3},"o":{"a":0,"k":100,"ix":4},"w":{"a":0,"k":1,"ix":5},"lc":1,"lj":1,"ml":10,"bm":0,"nm":"Stroke 1","mn":"ADBE Vector Graphic - Stroke","hd":false},{"ty":"tr","p":{"a":0,"k":[106.255,51.027],"ix":2},"a":{"a":0,"k":[0,0],"ix":1},"s":{"a":0,"k":[100,100],"ix":3},"r":{"a":0,"k":0,"ix":6},"o":{"a":0,"k":100,"ix":7},"sk":{"a":0,"k":0,"ix":4},"sa":{"a":0,"k":0,"ix":5},"nm":"Transform"}],"nm":"Group 5","np":2,"cix":2,"bm":0,"ix":5,"mn":"ADBE Vector Group","hd":false},{"ty":"gr","it":[{"ind":0,"ty":"sh","ix":1,"ks":{"a":0,"k":{"i":[[0,0],[0,0],[0,0],[0,0]],"o":[[0,0],[0,0],[0,0],[0,0]],"v":[[12.754,15.042],[-10.051,16.969],[-12.754,-15.043],[10.051,-16.969]],"c":true},"ix":2},"nm":"Path 1","mn":"ADBE Vector Shape - Group","hd":false},{"ty":"fl","c":{"a":0,"k":[1,1,1,1],"ix":4},"o":{"a":0,"k":100,"ix":5},"r":1,"bm":0,"nm":"Fill 1","mn":"ADBE Vector Graphic - Fill","hd":false},{"ty":"tr","p":{"a":0,"k":[113.056,97.025],"ix":2},"a":{"a":0,"k":[0,0],"ix":1},"s":{"a":0,"k":[115.979,116.81],"ix":3},"r":{"a":0,"k":0,"ix":6},"o":{"a":0,"k":100,"ix":7},"sk":{"a":0,"k":0,"ix":4},"sa":{"a":0,"k":0,"ix":5},"nm":"Transform"}],"nm":"Group 6","np":2,"cix":2,"bm":0,"ix":6,"mn":"ADBE Vector Group","hd":false},{"ty":"gr","it":[{"ind":0,"ty":"sh","ix":1,"ks":{"a":0,"k":{"i":[[23.85,14.244],[0,0],[0,0],[0,0]],"o":[[0,0],[0,0],[0,0],[-21.288,17.847]],"v":[[-38.081,-1.664],[0.765,-12.581],[37.227,-7.167],[36.169,-6.519]],"c":true},"ix":2},"nm":"Path 1","mn":"ADBE Vector Shape - Group","hd":false},{"ty":"fl","c":{"a":0,"k":[0.948999980852,0.658999992819,0.556999954523,1],"ix":4},"o":{"a":0,"k":100,"ix":5},"r":1,"bm":0,"nm":"Fill 1","mn":"ADBE Vector Graphic - Fill","hd":false},{"ty":"tr","p":{"a":0,"k":[105.157,33.569],"ix":2},"a":{"a":0,"k":[0,0],"ix":1},"s":{"a":0,"k":[100,122.504],"ix":3},"r":{"a":0,"k":0,"ix":6},"o":{"a":0,"k":100,"ix":7},"sk":{"a":0,"k":0,"ix":4},"sa":{"a":0,"k":0,"ix":5},"nm":"Transform"}],"nm":"Group 8","np":2,"cix":2,"bm":0,"ix":7,"mn":"ADBE Vector Group","hd":false},{"ty":"gr","it":[{"ind":0,"ty":"sh","ix":1,"ks":{"a":0,"k":{"i":[[0,0],[0,0],[-3.387,-11.142],[0,0],[0,0],[0,0],[11.712,1.334]],"o":[[0,0],[-11.212,3.15],[0,0],[0,0],[0,0],[1.784,-11.652],[0,0]],"v":[[-1.035,-61.184],[-39.882,-50.266],[-56.69,-24.078],[-28.227,61.184],[41.045,57.953],[58.294,-33.367],[36.281,-56.934]],"c":true},"ix":2},"nm":"Path 1","mn":"ADBE Vector Shape - Group","hd":false},{"ty":"fl","c":{"a":0,"k":[0.2901960784313726,0.5647058823529412,0.8862745098039215,1],"ix":4},"o":{"a":0,"k":100,"ix":5},"r":1,"bm":0,"nm":"Fill 1","mn":"ADBE Vector Graphic - Fill","hd":false},{"ty":"tr","p":{"a":0,"k":[106.957,82.173],"ix":2},"a":{"a":0,"k":[0,0],"ix":1},"s":{"a":0,"k":[100,100],"ix":3},"r":{"a":0,"k":0,"ix":6},"o":{"a":0,"k":100,"ix":7},"sk":{"a":0,"k":0,"ix":4},"sa":{"a":0,"k":0,"ix":5},"nm":"Transform"}],"nm":"Group 9","np":2,"cix":2,"bm":0,"ix":8,"mn":"ADBE Vector Group","hd":false},{"ty":"gr","it":[{"ind":0,"ty":"sh","ix":1,"ks":{"a":0,"k":{"i":[[2.518,-9.016],[0,0],[-4.749,-0.987],[0,0],[-1.701,2.287],[3.963,26.452],[0,0],[0,0]],"o":[[0,0],[-2.474,9.097],[0,0],[2.791,0.58],[5.692,-7.645],[0,0],[0,0],[-18.626,4.456]],"v":[[-3.926,-30.89],[-33.276,35.848],[-20.97,55.109],[-16.703,55.321],[-5.631,49.715],[33.365,-10.757],[34.547,-31.083],[26.11,-56.63]],"c":true},"ix":2},"nm":"Path 1","mn":"ADBE Vector Shape - Group","hd":false},{"ty":"fl","c":{"a":0,"k":[0.2901960784313726,0.5647058823529412,0.8862745098039215,1],"ix":4},"o":{"a":0,"k":100,"ix":5},"r":1,"bm":0,"nm":"Fill 1","mn":"ADBE Vector Graphic - Fill","hd":false},{"ty":"gr","it":[{"ind":0,"ty":"sh","ix":1,"ks":{"a":0,"k":{"i":[[2.518,-9.016],[0,0],[-10.699,-2.796],[0,0],[-5.01,5.821],[3.963,26.452],[0,0],[0,0]],"o":[[0,0],[-1.271,4.68],[0,0],[2.791,0.58],[6.218,-7.224],[0,0],[0,0],[-18.626,4.456]],"v":[[-6.982,-26.188],[-27.914,38.901],[-18.945,59.538],[-18.634,59.458],[-7.026,53.244],[26.511,-11.782],[34.547,-31.083],[26.11,-56.63]],"c":true},"ix":2},"nm":"Path 1","mn":"ADBE Vector Shape - Group","hd":false},{"ty":"fl","c":{"a":0,"k":[0.2901960784313726,0.5647058823529412,0.8862745098039215,1],"ix":4},"o":{"a":0,"k":100,"ix":5},"r":1,"bm":0,"nm":"Fill 1","mn":"ADBE Vector Graphic - Fill","hd":false},{"ty":"tr","p":{"a":0,"k":[127.547,-4.882],"ix":2},"a":{"a":0,"k":[0,0],"ix":1},"s":{"a":0,"k":[-111.855,104.591],"ix":3},"r":{"a":0,"k":0,"ix":6},"o":{"a":0,"k":100,"ix":7},"sk":{"a":0,"k":0,"ix":4},"sa":{"a":0,"k":0,"ix":5},"nm":"Transform"}],"nm":"Group 7","np":2,"cix":2,"bm":0,"ix":3,"mn":"ADBE Vector Group","hd":false},{"ty":"tr","p":{"a":0,"k":[105.902,46.384],"ix":2},"a":{"a":1,"k":[{"i":{"x":0.667,"y":1},"o":{"x":0.333,"y":0},"t":19,"s":[64.937,-42.152],"to":[0,0.667],"ti":[0,-0.667]},{"i":{"x":0.667,"y":0.667},"o":{"x":0.333,"y":0.333},"t":37,"s":[64.937,-38.152],"to":[0,0],"ti":[0,0]},{"i":{"x":0.667,"y":1},"o":{"x":0.333,"y":0},"t":52,"s":[64.937,-38.152],"to":[0,-0.667],"ti":[0,0.667]},{"i":{"x":0.667,"y":0.667},"o":{"x":0.167,"y":0.167},"t":62,"s":[64.937,-42.152],"to":[0,0],"ti":[0,0]},{"i":{"x":0.667,"y":1},"o":{"x":0.333,"y":0},"t":114,"s":[64.937,-42.152],"to":[0,0.667],"ti":[0,-0.667]},{"i":{"x":0.667,"y":0.667},"o":{"x":0.333,"y":0.333},"t":124,"s":[64.937,-38.152],"to":[0,0],"ti":[0,0]},{"i":{"x":0.667,"y":1},"o":{"x":0.333,"y":0},"t":137,"s":[64.937,-38.152],"to":[0,-0.667],"ti":[0,0.667]},{"t":151.000006150356,"s":[64.937,-42.152]}],"ix":1},"s":{"a":1,"k":[{"i":{"x":[0.667,0.667],"y":[1,1]},"o":{"x":[0.333,0.333],"y":[0,0]},"t":19,"s":[100,100]},{"i":{"x":[0.667,0.667],"y":[1,1]},"o":{"x":[0.167,0.167],"y":[0,0]},"t":37,"s":[106,100]},{"i":{"x":[0.833,0.833],"y":[1,1]},"o":{"x":[0.167,0.167],"y":[0,0]},"t":52,"s":[106,100]},{"i":{"x":[0.833,0.833],"y":[1,1]},"o":{"x":[0.167,0.167],"y":[0,0]},"t":62,"s":[100,100]},{"i":{"x":[0.667,0.667],"y":[1,1]},"o":{"x":[0.333,0.333],"y":[0,0]},"t":114,"s":[100,100]},{"i":{"x":[0.667,0.667],"y":[1,1]},"o":{"x":[0.167,0.167],"y":[0,0]},"t":124,"s":[106,100]},{"i":{"x":[0.833,0.833],"y":[1,1]},"o":{"x":[0.167,0.167],"y":[0,0]},"t":137,"s":[106,100]},{"t":151.000006150356,"s":[100,100]}],"ix":3},"r":{"a":0,"k":0,"ix":6},"o":{"a":0,"k":100,"ix":7},"sk":{"a":0,"k":0,"ix":4},"sa":{"a":0,"k":0,"ix":5},"nm":"Transform"}],"nm":"Group 7","np":3,"cix":2,"bm":0,"ix":9,"mn":"ADBE Vector Group","hd":false}],"ip":0,"op":160.000006516934,"st":0,"bm":0},{"ddd":0,"ind":9,"ty":4,"nm":"paper hand Outlines 2","parent":8,"sr":1,"ks":{"o":{"a":0,"k":100,"ix":11},"r":{"a":1,"k":[{"i":{"x":[0.833],"y":[0.833]},"o":{"x":[0.167],"y":[0.167]},"t":0,"s":[-14]},{"i":{"x":[0.833],"y":[0.833]},"o":{"x":[0.167],"y":[0.167]},"t":22,"s":[-14]},{"i":{"x":[0.833],"y":[0.833]},"o":{"x":[0.167],"y":[0.167]},"t":34,"s":[15]},{"i":{"x":[0.667],"y":[1]},"o":{"x":[0.167],"y":[0.167]},"t":50,"s":[15]},{"i":{"x":[0.833],"y":[1]},"o":{"x":[0.333],"y":[0]},"t":66,"s":[-14]},{"i":{"x":[0.833],"y":[0.833]},"o":{"x":[0.167],"y":[0.167]},"t":84,"s":[-14]},{"i":{"x":[0.833],"y":[0.833]},"o":{"x":[0.167],"y":[0.167]},"t":105,"s":[-14]},{"i":{"x":[0.833],"y":[0.833]},"o":{"x":[0.167],"y":[0.167]},"t":123,"s":[15]},{"i":{"x":[0.667],"y":[1]},"o":{"x":[0.167],"y":[0.167]},"t":134,"s":[15]},{"t":149.000006068894,"s":[-14]}],"ix":10},"p":{"a":0,"k":[184.328,129.182,0],"ix":2,"l":2},"a":{"a":0,"k":[90.5,84.5,0],"ix":1,"l":2},"s":{"a":0,"k":[-140.448,145.352,100],"ix":6,"l":2}},"ao":0,"shapes":[{"ty":"gr","it":[{"ind":0,"ty":"sh","ix":1,"ks":{"a":0,"k":{"i":[[0,0],[0,0],[0,0],[-5.073,4.175],[3.275,4.371]],"o":[[0,0],[0,0],[2.927,5.881],[4.218,-3.47],[0,0]],"v":[[-19.606,-32.068],[-28.778,-28.309],[8.18,24.557],[23.819,27.893],[25.503,13.877]],"c":true},"ix":2},"nm":"Path 1","mn":"ADBE Vector Shape - Group","hd":false},{"ty":"fl","c":{"a":0,"k":[0.948999980852,0.658999992819,0.556999954523,1],"ix":4},"o":{"a":0,"k":100,"ix":5},"r":1,"bm":0,"nm":"Fill 1","mn":"ADBE Vector Graphic - Fill","hd":false},{"ty":"tr","p":{"a":0,"k":[68.298,62.854],"ix":2},"a":{"a":0,"k":[0,0],"ix":1},"s":{"a":0,"k":[100,100],"ix":3},"r":{"a":0,"k":0,"ix":6},"o":{"a":0,"k":100,"ix":7},"sk":{"a":0,"k":0,"ix":4},"sa":{"a":0,"k":0,"ix":5},"nm":"Transform"}],"nm":"Group 5","np":2,"cix":2,"bm":0,"ix":2,"mn":"ADBE Vector Group","hd":false}],"ip":0,"op":160.000006516934,"st":0,"bm":0},{"ddd":0,"ind":10,"ty":4,"nm":"man hand Outlines","parent":12,"sr":1,"ks":{"o":{"a":0,"k":100,"ix":11},"r":{"a":0,"k":-108.572,"ix":10},"p":{"a":0,"k":[47,31.428,0],"ix":2,"l":2},"a":{"a":0,"k":[3.27,5.582,0],"ix":1,"l":2},"s":{"a":0,"k":[-635.459,517.718,100],"ix":6,"l":2}},"ao":0,"shapes":[{"ty":"gr","it":[{"ind":0,"ty":"sh","ix":1,"ks":{"a":0,"k":{"i":[[0.028,0.137],[0.038,0.049],[0.152,0.318],[-0.247,0.066],[-0.268,-0.269],[0.043,0.449],[0,0],[-0.278,0.074],[0,0],[-0.366,-0.959],[0.01,0.134],[0.003,0.169],[-0.306,0.038],[0,0],[-0.034,-0.127],[-0.231,0.061],[-0.045,-0.201],[-0.021,-0.114],[-0.087,0.023],[0.049,-0.362],[-0.005,-0.083],[0.11,-0.387],[0.022,-0.108]],"o":[[-0.014,-0.021],[-0.204,-0.286],[-0.087,-0.198],[0.397,-0.106],[0.014,-0.234],[0,0],[-0.012,-0.073],[0,0],[0.259,-0.052],[0.002,-0.12],[-0.019,-0.071],[-0.13,-0.264],[0.155,-0.025],[0.021,0.08],[-0.025,-0.223],[0.191,-0.051],[0.032,0.12],[0.048,-0.175],[0.374,-0.1],[-0.007,0.036],[0.02,0.233],[-0.122,0.467],[0.021,0.207]],"v":[[-0.071,-3.328],[-0.759,-3.868],[-1.503,-5.597],[-1.52,-6.367],[-0.908,-5.636],[-0.923,-6.774],[-1.117,-7.795],[-1.077,-8.47],[-1.068,-8.472],[-0.294,-6.975],[-0.307,-7.372],[-0.359,-7.92],[-0.266,-8.66],[0.036,-8.068],[0.255,-7.215],[0.333,-8.454],[0.65,-8.062],[0.85,-6.803],[0.863,-7.905],[1.385,-6.358],[1.385,-6.171],[1.313,-5.163],[1.012,-3.865]],"c":true},"ix":2},"nm":"Path 1","mn":"ADBE Vector Shape - Group","hd":false},{"ty":"fl","c":{"a":0,"k":[0.949019607843,0.658823529412,0.556862745098,1],"ix":4},"o":{"a":0,"k":100,"ix":5},"r":1,"bm":0,"nm":"Fill 1","mn":"ADBE Vector Graphic - Fill","hd":false},{"ty":"tr","p":{"a":0,"k":[3.242,9.261],"ix":2},"a":{"a":0,"k":[0,0],"ix":1},"s":{"a":0,"k":[100,100],"ix":3},"r":{"a":0,"k":0,"ix":6},"o":{"a":0,"k":100,"ix":7},"sk":{"a":0,"k":0,"ix":4},"sa":{"a":0,"k":0,"ix":5},"nm":"Transform"}],"nm":"Group 1","np":2,"cix":2,"bm":0,"ix":1,"mn":"ADBE Vector Group","hd":false}],"ip":0,"op":160.000006516934,"st":0,"bm":0},{"ddd":0,"ind":11,"ty":4,"nm":"man hand Outlines 2","parent":9,"sr":1,"ks":{"o":{"a":0,"k":100,"ix":11},"r":{"a":0,"k":92.95,"ix":10},"p":{"a":0,"k":[48.644,36.698,0],"ix":2,"l":2},"a":{"a":0,"k":[3.27,5.582,0],"ix":1,"l":2},"s":{"a":0,"k":[605.234,-546.711,100],"ix":6,"l":2}},"ao":0,"shapes":[{"ty":"gr","it":[{"ind":0,"ty":"sh","ix":1,"ks":{"a":0,"k":{"i":[[0.028,0.137],[0.038,0.049],[0.152,0.318],[-0.247,0.066],[-0.268,-0.269],[0.043,0.449],[0,0],[-0.278,0.074],[0,0],[-0.366,-0.959],[0.01,0.134],[0.003,0.169],[-0.306,0.038],[0,0],[-0.034,-0.127],[-0.231,0.061],[-0.045,-0.201],[-0.021,-0.114],[-0.087,0.023],[0.049,-0.362],[-0.005,-0.083],[0.11,-0.387],[0.022,-0.108]],"o":[[-0.014,-0.021],[-0.422,-0.418],[-0.087,-0.198],[0.397,-0.106],[0.014,-0.234],[0,0],[-0.012,-0.073],[0,0],[0.259,-0.052],[0.002,-0.12],[-0.019,-0.071],[-0.13,-0.264],[0.155,-0.025],[0.021,0.08],[-0.025,-0.223],[0.191,-0.051],[0.032,0.12],[0.048,-0.175],[0.374,-0.1],[-0.007,0.036],[0.02,0.233],[-0.122,0.467],[0.021,0.207]],"v":[[-0.126,-2.855],[-1.109,-3.984],[-1.503,-5.597],[-1.52,-6.367],[-0.908,-5.636],[-0.923,-6.774],[-1.117,-7.795],[-1.077,-8.47],[-1.068,-8.472],[-0.294,-6.975],[-0.307,-7.372],[-0.359,-7.92],[-0.266,-8.66],[0.036,-8.068],[0.255,-7.215],[0.333,-8.454],[0.65,-8.062],[0.85,-6.803],[0.863,-7.905],[1.385,-6.358],[1.385,-6.171],[1.313,-5.163],[1.012,-3.865]],"c":true},"ix":2},"nm":"Path 1","mn":"ADBE Vector Shape - Group","hd":false},{"ty":"fl","c":{"a":0,"k":[0.949019607843,0.658823529412,0.556862745098,1],"ix":4},"o":{"a":0,"k":100,"ix":5},"r":1,"bm":0,"nm":"Fill 1","mn":"ADBE Vector Graphic - Fill","hd":false},{"ty":"tr","p":{"a":0,"k":[3.242,9.261],"ix":2},"a":{"a":0,"k":[0,0],"ix":1},"s":{"a":0,"k":[100,100],"ix":3},"r":{"a":0,"k":0,"ix":6},"o":{"a":0,"k":100,"ix":7},"sk":{"a":0,"k":0,"ix":4},"sa":{"a":0,"k":0,"ix":5},"nm":"Transform"}],"nm":"Group 1","np":2,"cix":2,"bm":0,"ix":1,"mn":"ADBE Vector Group","hd":false}],"ip":0,"op":160.000006516934,"st":0,"bm":0},{"ddd":0,"ind":12,"ty":4,"nm":"paper hand Outlines","parent":8,"sr":1,"ks":{"o":{"a":0,"k":100,"ix":11},"r":{"a":1,"k":[{"i":{"x":[0.833],"y":[0.833]},"o":{"x":[0.167],"y":[0.167]},"t":0,"s":[15]},{"i":{"x":[0.833],"y":[0.833]},"o":{"x":[0.167],"y":[0.167]},"t":22,"s":[15]},{"i":{"x":[0.833],"y":[0.833]},"o":{"x":[0.167],"y":[0.167]},"t":34,"s":[-14]},{"i":{"x":[0.667],"y":[1]},"o":{"x":[0.167],"y":[0.167]},"t":50,"s":[-14]},{"i":{"x":[0.833],"y":[1]},"o":{"x":[0.333],"y":[0]},"t":66,"s":[15]},{"i":{"x":[0.833],"y":[0.833]},"o":{"x":[0.167],"y":[0.167]},"t":84,"s":[15]},{"i":{"x":[0.833],"y":[0.833]},"o":{"x":[0.167],"y":[0.167]},"t":105,"s":[15]},{"i":{"x":[0.833],"y":[0.833]},"o":{"x":[0.167],"y":[0.167]},"t":123,"s":[-14]},{"i":{"x":[0.667],"y":[1]},"o":{"x":[0.167],"y":[0.167]},"t":134,"s":[-14]},{"t":149.000006068894,"s":[15]}],"ix":10},"p":{"a":0,"k":[24.822,130.705,0],"ix":2,"l":2},"a":{"a":0,"k":[90.5,84.5,0],"ix":1,"l":2},"s":{"a":0,"k":[136.238,136.238,100],"ix":6,"l":2}},"ao":0,"shapes":[{"ty":"gr","it":[{"ty":"fl","c":{"a":0,"k":[0.948999980852,0.658999992819,0.556999954523,1],"ix":4},"o":{"a":0,"k":100,"ix":5},"r":1,"bm":0,"nm":"Fill 1","mn":"ADBE Vector Graphic - Fill","hd":false},{"ty":"tr","p":{"a":0,"k":[45.192,23.407],"ix":2},"a":{"a":0,"k":[0,0],"ix":1},"s":{"a":0,"k":[100,100],"ix":3},"r":{"a":0,"k":0,"ix":6},"o":{"a":0,"k":100,"ix":7},"sk":{"a":0,"k":0,"ix":4},"sa":{"a":0,"k":0,"ix":5},"nm":"Transform"}],"nm":"Group 4","np":1,"cix":2,"bm":0,"ix":2,"mn":"ADBE Vector Group","hd":false},{"ty":"gr","it":[{"ind":0,"ty":"sh","ix":1,"ks":{"a":0,"k":{"i":[[0,0],[0,0],[0,0],[-5.073,4.175],[3.275,4.371]],"o":[[0,0],[0,0],[2.927,5.881],[4.218,-3.47],[0,0]],"v":[[-19.606,-32.068],[-28.778,-28.309],[8.18,24.557],[23.819,27.893],[25.503,13.877]],"c":true},"ix":2},"nm":"Path 1","mn":"ADBE Vector Shape - Group","hd":false},{"ty":"fl","c":{"a":0,"k":[0.948999980852,0.658999992819,0.556999954523,1],"ix":4},"o":{"a":0,"k":100,"ix":5},"r":1,"bm":0,"nm":"Fill 1","mn":"ADBE Vector Graphic - Fill","hd":false},{"ty":"tr","p":{"a":0,"k":[68.298,62.854],"ix":2},"a":{"a":0,"k":[0,0],"ix":1},"s":{"a":0,"k":[100,100],"ix":3},"r":{"a":0,"k":0,"ix":6},"o":{"a":0,"k":100,"ix":7},"sk":{"a":0,"k":0,"ix":4},"sa":{"a":0,"k":0,"ix":5},"nm":"Transform"}],"nm":"Group 5","np":2,"cix":2,"bm":0,"ix":3,"mn":"ADBE Vector Group","hd":false}],"ip":0,"op":160.000006516934,"st":0,"bm":0},{"ddd":0,"ind":13,"ty":4,"nm":"Shape Layer 3","parent":16,"sr":1,"ks":{"o":{"a":0,"k":100,"ix":11},"r":{"a":0,"k":0,"ix":10},"p":{"a":1,"k":[{"i":{"x":0.667,"y":0.667},"o":{"x":0.167,"y":0.167},"t":0,"s":[104.065,85.753,0],"to":[0,0,0],"ti":[0,0,0]},{"i":{"x":0.649,"y":1},"o":{"x":0.31,"y":0},"t":24,"s":[104.065,85.753,0],"to":[0,0,0],"ti":[0,0,0]},{"i":{"x":0.649,"y":0.649},"o":{"x":0.385,"y":0.385},"t":30,"s":[103.786,79.856,0],"to":[0,0,0],"ti":[0,0,0]},{"i":{"x":0.833,"y":0.833},"o":{"x":0.385,"y":0},"t":47,"s":[103.786,79.856,0],"to":[0,0,0],"ti":[0,0,0]},{"i":{"x":0.833,"y":0.833},"o":{"x":0.167,"y":0.167},"t":51,"s":[104.065,85.753,0],"to":[0,0,0],"ti":[0,0,0]},{"i":{"x":0.667,"y":0.667},"o":{"x":0.167,"y":0.167},"t":101,"s":[104.065,85.753,0],"to":[0,0,0],"ti":[0,0,0]},{"i":{"x":0.649,"y":1},"o":{"x":0.31,"y":0},"t":125,"s":[104.065,85.753,0],"to":[0,0,0],"ti":[0,0,0]},{"i":{"x":0.649,"y":0.649},"o":{"x":0.385,"y":0.385},"t":131,"s":[103.786,79.856,0],"to":[0,0,0],"ti":[0,0,0]},{"i":{"x":0.833,"y":0.833},"o":{"x":0.385,"y":0},"t":148,"s":[103.786,79.856,0],"to":[0,0,0],"ti":[0,0,0]},{"t":152.000006191087,"s":[104.065,85.753,0]}],"ix":2,"l":2},"a":{"a":0,"k":[-103.25,-101.5,0],"ix":1,"l":2},"s":{"a":1,"k":[{"i":{"x":[0.667,0.667,0.667],"y":[1,1,1]},"o":{"x":[0.333,0.333,0.333],"y":[0,0,0]},"t":63,"s":[53.432,53.432,100]},{"i":{"x":[0.667,0.667,0.667],"y":[1,1,1]},"o":{"x":[0.333,0.333,0.333],"y":[0,0,0]},"t":66,"s":[53.432,0,100]},{"i":{"x":[0.667,0.667,0.667],"y":[1,1,1]},"o":{"x":[0.333,0.333,0.333],"y":[0,0,0]},"t":70,"s":[53.432,53.432,100]},{"i":{"x":[0.667,0.667,0.667],"y":[1,1,1]},"o":{"x":[0.333,0.333,0.333],"y":[0,0,0]},"t":138,"s":[53.432,53.432,100]},{"i":{"x":[0.667,0.667,0.667],"y":[1,1,1]},"o":{"x":[0.333,0.333,0.333],"y":[0,0,0]},"t":141,"s":[53.432,0,100]},{"t":145.000005905971,"s":[53.432,53.432,100]}],"ix":6,"l":2}},"ao":0,"shapes":[{"ty":"gr","it":[{"d":1,"ty":"el","s":{"a":0,"k":[14.5,14.5],"ix":2},"p":{"a":0,"k":[0,0],"ix":3},"nm":"Ellipse Path 1","mn":"ADBE Vector Shape - Ellipse","hd":false},{"ty":"st","c":{"a":0,"k":[0,0,0,1],"ix":3},"o":{"a":0,"k":100,"ix":4},"w":{"a":0,"k":0,"ix":5},"lc":1,"lj":1,"ml":4,"bm":0,"nm":"Stroke 1","mn":"ADBE Vector Graphic - Stroke","hd":false},{"ty":"fl","c":{"a":0,"k":[0,0,0,1],"ix":4},"o":{"a":0,"k":100,"ix":5},"r":1,"bm":0,"nm":"Fill 1","mn":"ADBE Vector Graphic - Fill","hd":false},{"ty":"tr","p":{"a":0,"k":[-103.25,-101.75],"ix":2},"a":{"a":0,"k":[0,0],"ix":1},"s":{"a":0,"k":[100,100],"ix":3},"r":{"a":0,"k":0,"ix":6},"o":{"a":0,"k":100,"ix":7},"sk":{"a":0,"k":0,"ix":4},"sa":{"a":0,"k":0,"ix":5},"nm":"Transform"}],"nm":"Ellipse 1","np":3,"cix":2,"bm":0,"ix":1,"mn":"ADBE Vector Group","hd":false}],"ip":0,"op":160.000006516934,"st":0,"bm":0},{"ddd":0,"ind":14,"ty":4,"nm":"Shape Layer 2","parent":16,"sr":1,"ks":{"o":{"a":0,"k":100,"ix":11},"r":{"a":0,"k":0,"ix":10},"p":{"a":1,"k":[{"i":{"x":0.667,"y":0.667},"o":{"x":0.167,"y":0.167},"t":0,"s":[66.987,88.889,0],"to":[0,0,0],"ti":[0,0,0]},{"i":{"x":0.649,"y":1},"o":{"x":0.31,"y":0},"t":24,"s":[66.987,88.889,0],"to":[0,0,0],"ti":[0,0,0]},{"i":{"x":0.649,"y":0.649},"o":{"x":0.385,"y":0.385},"t":30,"s":[66.708,82.992,0],"to":[0,0,0],"ti":[0,0,0]},{"i":{"x":0.833,"y":0.833},"o":{"x":0.385,"y":0},"t":47,"s":[66.708,82.992,0],"to":[0,0,0],"ti":[0,0,0]},{"i":{"x":0.833,"y":0.833},"o":{"x":0.167,"y":0.167},"t":51,"s":[66.987,88.889,0],"to":[0,0,0],"ti":[0,0,0]},{"i":{"x":0.667,"y":0.667},"o":{"x":0.167,"y":0.167},"t":101,"s":[66.987,88.889,0],"to":[0,0,0],"ti":[0,0,0]},{"i":{"x":0.649,"y":1},"o":{"x":0.31,"y":0},"t":125,"s":[66.987,88.889,0],"to":[0,0,0],"ti":[0,0,0]},{"i":{"x":0.649,"y":0.649},"o":{"x":0.385,"y":0.385},"t":131,"s":[66.708,82.992,0],"to":[0,0,0],"ti":[0,0,0]},{"i":{"x":0.833,"y":0.833},"o":{"x":0.385,"y":0},"t":148,"s":[66.708,82.992,0],"to":[0,0,0],"ti":[0,0,0]},{"t":152.000006191087,"s":[66.987,88.889,0]}],"ix":2,"l":2},"a":{"a":0,"k":[-103.25,-101.5,0],"ix":1,"l":2},"s":{"a":1,"k":[{"i":{"x":[0.667,0.667,0.667],"y":[1,1,1]},"o":{"x":[0.333,0.333,0.333],"y":[0,0,0]},"t":63,"s":[53.432,53.432,100]},{"i":{"x":[0.667,0.667,0.667],"y":[1,1,1]},"o":{"x":[0.333,0.333,0.333],"y":[0,0,0]},"t":66,"s":[53.432,0,100]},{"i":{"x":[0.667,0.667,0.667],"y":[1,1,1]},"o":{"x":[0.333,0.333,0.333],"y":[0,0,0]},"t":70,"s":[53.432,53.432,100]},{"i":{"x":[0.667,0.667,0.667],"y":[1,1,1]},"o":{"x":[0.333,0.333,0.333],"y":[0,0,0]},"t":138,"s":[53.432,53.432,100]},{"i":{"x":[0.667,0.667,0.667],"y":[1,1,1]},"o":{"x":[0.333,0.333,0.333],"y":[0,0,0]},"t":141,"s":[53.432,0,100]},{"t":145.000005905971,"s":[53.432,53.432,100]}],"ix":6,"l":2}},"ao":0,"shapes":[{"ty":"gr","it":[{"d":1,"ty":"el","s":{"a":0,"k":[14.5,14.5],"ix":2},"p":{"a":0,"k":[0,0],"ix":3},"nm":"Ellipse Path 1","mn":"ADBE Vector Shape - Ellipse","hd":false},{"ty":"st","c":{"a":0,"k":[0,0,0,1],"ix":3},"o":{"a":0,"k":100,"ix":4},"w":{"a":0,"k":0,"ix":5},"lc":1,"lj":1,"ml":4,"bm":0,"nm":"Stroke 1","mn":"ADBE Vector Graphic - Stroke","hd":false},{"ty":"fl","c":{"a":0,"k":[0,0,0,1],"ix":4},"o":{"a":0,"k":100,"ix":5},"r":1,"bm":0,"nm":"Fill 1","mn":"ADBE Vector Graphic - Fill","hd":false},{"ty":"tr","p":{"a":0,"k":[-103.25,-101.75],"ix":2},"a":{"a":0,"k":[0,0],"ix":1},"s":{"a":0,"k":[100,100],"ix":3},"r":{"a":0,"k":0,"ix":6},"o":{"a":0,"k":100,"ix":7},"sk":{"a":0,"k":0,"ix":4},"sa":{"a":0,"k":0,"ix":5},"nm":"Transform"}],"nm":"Ellipse 1","np":3,"cix":2,"bm":0,"ix":1,"mn":"ADBE Vector Group","hd":false}],"ip":0,"op":160.000006516934,"st":0,"bm":0},{"ddd":0,"ind":16,"ty":4,"nm":"head Outlines","parent":8,"sr":1,"ks":{"o":{"a":0,"k":100,"ix":11},"r":{"a":1,"k":[{"i":{"x":[0.667],"y":[1]},"o":{"x":[0.333],"y":[0]},"t":0,"s":[5]},{"i":{"x":[0.667],"y":[1]},"o":{"x":[0.333],"y":[0]},"t":28,"s":[-2]},{"i":{"x":[0.667],"y":[1]},"o":{"x":[0.333],"y":[0]},"t":51,"s":[11.277]},{"i":{"x":[0.667],"y":[1]},"o":{"x":[0.333],"y":[0]},"t":75,"s":[5]},{"i":{"x":[0.667],"y":[1]},"o":{"x":[0.333],"y":[0]},"t":102,"s":[5]},{"i":{"x":[0.667],"y":[1]},"o":{"x":[0.333],"y":[0]},"t":120,"s":[-2]},{"i":{"x":[0.667],"y":[1]},"o":{"x":[0.333],"y":[0]},"t":143,"s":[11.277]},{"t":159.000006476203,"s":[5]}],"ix":10},"p":{"a":0,"k":[103.421,30.753,0],"ix":2,"l":2},"a":{"a":0,"k":[93.646,180.966,0],"ix":1,"l":2},"s":{"a":0,"k":[77.198,77.198,100],"ix":6,"l":2}},"ao":0,"shapes":[{"ty":"gr","it":[{"ind":0,"ty":"sh","ix":1,"ks":{"a":0,"k":{"i":[[-3.148,-30.415],[1.989,23.56]],"o":[[0,0],[0,0]],"v":[[-9.514,17.561],[10.673,-17.561]],"c":true},"ix":2},"nm":"Path 1","mn":"ADBE Vector Shape - Group","hd":false},{"ty":"fl","c":{"a":0,"k":[0.039000002543,0.039000002543,0.039000002543,1],"ix":4},"o":{"a":0,"k":100,"ix":5},"r":1,"bm":0,"nm":"Fill 1","mn":"ADBE Vector Graphic - Fill","hd":false},{"ty":"tr","p":{"a":0,"k":[53.143,44.064],"ix":2},"a":{"a":0,"k":[0,0],"ix":1},"s":{"a":0,"k":[100,100],"ix":3},"r":{"a":0,"k":0,"ix":6},"o":{"a":0,"k":100,"ix":7},"sk":{"a":0,"k":0,"ix":4},"sa":{"a":0,"k":0,"ix":5},"nm":"Transform"}],"nm":"Group 1","np":2,"cix":2,"bm":0,"ix":1,"mn":"ADBE Vector Group","hd":false},{"ty":"gr","it":[{"ind":0,"ty":"sh","ix":1,"ks":{"a":0,"k":{"i":[[-10.049,-51.606],[0.48,38.607]],"o":[[0,0],[0,0]],"v":[[32.854,21.814],[-32.854,-8.815]],"c":true},"ix":2},"nm":"Path 1","mn":"ADBE Vector Shape - Group","hd":false},{"ty":"fl","c":{"a":0,"k":[0.039000002543,0.039000002543,0.039000002543,1],"ix":4},"o":{"a":0,"k":100,"ix":5},"r":1,"bm":0,"nm":"Fill 1","mn":"ADBE Vector Graphic - Fill","hd":false},{"ty":"tr","p":{"a":0,"k":[94.179,32.736],"ix":2},"a":{"a":0,"k":[0,0],"ix":1},"s":{"a":0,"k":[100,100],"ix":3},"r":{"a":0,"k":0,"ix":6},"o":{"a":0,"k":100,"ix":7},"sk":{"a":0,"k":0,"ix":4},"sa":{"a":0,"k":0,"ix":5},"nm":"Transform"}],"nm":"Group 2","np":2,"cix":2,"bm":0,"ix":2,"mn":"ADBE Vector Group","hd":false},{"ty":"gr","it":[{"ind":0,"ty":"sh","ix":1,"ks":{"a":0,"k":{"i":[[0,0],[0,0],[-9.588,-0.185]],"o":[[0,0],[0,0],[9.811,0.19]],"v":[[11.843,3.202],[-11.843,3.067],[-0.665,-3.016]],"c":true},"ix":2},"nm":"Path 1","mn":"ADBE Vector Shape - Group","hd":false},{"ty":"fl","c":{"a":0,"k":[0,0,0,1],"ix":4},"o":{"a":0,"k":100,"ix":5},"r":1,"bm":0,"nm":"Fill 1","mn":"ADBE Vector Graphic - Fill","hd":false},{"ty":"tr","p":{"a":1,"k":[{"i":{"x":0.833,"y":0.833},"o":{"x":0.167,"y":0.167},"t":0,"s":[105.636,61.899],"to":[0,0],"ti":[0,0]},{"i":{"x":0.833,"y":0.833},"o":{"x":0.167,"y":0.167},"t":23,"s":[105.636,61.899],"to":[-0.045,-0.568],"ti":[0.045,0.568]},{"i":{"x":0.833,"y":0.833},"o":{"x":0.167,"y":0.167},"t":31,"s":[105.365,58.492],"to":[0,0],"ti":[0,0]},{"i":{"x":0.833,"y":0.833},"o":{"x":0.167,"y":0.167},"t":48,"s":[105.365,58.492],"to":[0.102,1.325],"ti":[-0.045,-0.568]},{"i":{"x":0.833,"y":0.833},"o":{"x":0.167,"y":0.167},"t":54,"s":[105.978,66.443],"to":[0.045,0.568],"ti":[0.057,0.757]},{"i":{"x":0.833,"y":0.833},"o":{"x":0.167,"y":0.167},"t":125,"s":[105.636,61.899],"to":[0,0],"ti":[0,0]},{"i":{"x":0.833,"y":0.833},"o":{"x":0.167,"y":0.167},"t":134,"s":[105.357,58.493],"to":[0,0],"ti":[0,0]},{"i":{"x":0.833,"y":0.833},"o":{"x":0.167,"y":0.167},"t":148,"s":[105.357,58.493],"to":[0,0],"ti":[-0.046,-0.568]},{"i":{"x":0.833,"y":0.833},"o":{"x":0.167,"y":0.167},"t":154,"s":[105.636,61.899],"to":[0,0],"ti":[0,0]},{"i":{"x":0.833,"y":0.833},"o":{"x":0.167,"y":0.167},"t":159,"s":[105.636,61.899],"to":[-0.045,-0.568],"ti":[-0.057,-0.757]},{"i":{"x":0.833,"y":0.833},"o":{"x":0.167,"y":0.167},"t":173,"s":[105.365,58.492],"to":[0.057,0.757],"ti":[-0.102,-1.325]},{"t":182.000007413012,"s":[105.978,66.443]}],"ix":2},"a":{"a":0,"k":[0,0],"ix":1},"s":{"a":0,"k":[100,100],"ix":3},"r":{"a":0,"k":0,"ix":6},"o":{"a":0,"k":100,"ix":7},"sk":{"a":0,"k":0,"ix":4},"sa":{"a":0,"k":0,"ix":5},"nm":"Transform"}],"nm":"Group 3","np":2,"cix":2,"bm":0,"ix":3,"mn":"ADBE Vector Group","hd":false},{"ty":"gr","it":[{"ind":0,"ty":"sh","ix":1,"ks":{"a":0,"k":{"i":[[0,0],[0,0],[9.42,-1.79]],"o":[[0,0],[0,0],[-9.64,1.833]],"v":[[-11.665,5.009],[11.665,0.905],[-0.376,-3.219]],"c":true},"ix":2},"nm":"Path 1","mn":"ADBE Vector Shape - Group","hd":false},{"ty":"fl","c":{"a":0,"k":[0,0,0,1],"ix":4},"o":{"a":0,"k":100,"ix":5},"r":1,"bm":0,"nm":"Fill 1","mn":"ADBE Vector Graphic - Fill","hd":false},{"ty":"tr","p":{"a":1,"k":[{"i":{"x":0.833,"y":0.833},"o":{"x":0.167,"y":0.167},"t":0,"s":[64.525,65.548],"to":[0,0],"ti":[0,0]},{"i":{"x":0.833,"y":0.833},"o":{"x":0.167,"y":0.167},"t":23,"s":[64.525,65.548],"to":[-0.047,-0.568],"ti":[0.047,0.568]},{"i":{"x":0.833,"y":0.833},"o":{"x":0.167,"y":0.167},"t":31,"s":[64.241,62.142],"to":[0,0],"ti":[0,0]},{"i":{"x":0.833,"y":0.833},"o":{"x":0.167,"y":0.167},"t":48,"s":[64.144,61.007],"to":[0,0],"ti":[-0.063,-0.757]},{"i":{"x":0.833,"y":0.833},"o":{"x":0.167,"y":0.167},"t":54,"s":[64.525,65.548],"to":[0,0],"ti":[0,0]},{"i":{"x":0.833,"y":0.833},"o":{"x":0.167,"y":0.167},"t":126,"s":[64.525,65.548],"to":[-0.047,-0.568],"ti":[0.047,0.568]},{"i":{"x":0.833,"y":0.833},"o":{"x":0.167,"y":0.167},"t":135,"s":[64.241,62.142],"to":[0,0],"ti":[0,0]},{"i":{"x":0.833,"y":0.833},"o":{"x":0.167,"y":0.167},"t":150,"s":[64.241,62.142],"to":[0.047,0.568],"ti":[-0.047,-0.568]},{"t":155.000006313279,"s":[64.525,65.548]}],"ix":2},"a":{"a":0,"k":[0,0],"ix":1},"s":{"a":0,"k":[100,100],"ix":3},"r":{"a":0,"k":0,"ix":6},"o":{"a":0,"k":100,"ix":7},"sk":{"a":0,"k":0,"ix":4},"sa":{"a":0,"k":0,"ix":5},"nm":"Transform"}],"nm":"Group 4","np":2,"cix":2,"bm":0,"ix":4,"mn":"ADBE Vector Group","hd":false},{"ty":"gr","it":[{"ind":0,"ty":"sh","ix":1,"ks":{"a":0,"k":{"i":[[0,0],[0,0],[0,0]],"o":[[0,0],[0,0],[0,0]],"v":[[-2.451,-3.191],[-1.912,3.191],[2.451,2.823]],"c":false},"ix":2},"nm":"Path 1","mn":"ADBE Vector Shape - Group","hd":false},{"ty":"st","c":{"a":0,"k":[0.816000007181,0.388000009574,0.368999974868,1],"ix":3},"o":{"a":0,"k":100,"ix":4},"w":{"a":0,"k":0.661,"ix":5},"lc":2,"lj":2,"bm":0,"nm":"Stroke 1","mn":"ADBE Vector Graphic - Stroke","hd":false},{"ty":"tr","p":{"a":0,"k":[87.446,94.144],"ix":2},"a":{"a":0,"k":[0,0],"ix":1},"s":{"a":0,"k":[100,100],"ix":3},"r":{"a":0,"k":0,"ix":6},"o":{"a":0,"k":100,"ix":7},"sk":{"a":0,"k":0,"ix":4},"sa":{"a":0,"k":0,"ix":5},"nm":"Transform"}],"nm":"Group 5","np":2,"cix":2,"bm":0,"ix":5,"mn":"ADBE Vector Group","hd":false},{"ty":"gr","it":[{"ind":0,"ty":"sh","ix":1,"ks":{"a":0,"k":{"i":[[0,0],[1.537,-10.217],[8.977,-6.355],[0,0],[10.676,4.703],[3.152,10.306],[0,0],[-44.509,3.178]],"o":[[1.462,16.325],[-1.505,10.002],[0,0],[-9.498,6.723],[-10.767,-4.744],[-5.731,-18.746],[0,0],[44.509,-3.178]],"v":[[44.055,-15.478],[42.805,25.37],[26.234,49.168],[24.6,50.325],[-8.508,53.64],[-30.279,31.767],[-38.344,-8.1],[-1.008,-55.165]],"c":true},"ix":2},"nm":"Path 1","mn":"ADBE Vector Shape - Group","hd":false},{"ty":"fl","c":{"a":0,"k":[0.948999980852,0.658999992819,0.556999954523,1],"ix":4},"o":{"a":0,"k":100,"ix":5},"r":1,"bm":0,"nm":"Fill 1","mn":"ADBE Vector Graphic - Fill","hd":false},{"ty":"tr","p":{"a":0,"k":[83.826,80.068],"ix":2},"a":{"a":0,"k":[0,0],"ix":1},"s":{"a":0,"k":[100,100],"ix":3},"r":{"a":0,"k":0,"ix":6},"o":{"a":0,"k":100,"ix":7},"sk":{"a":0,"k":0,"ix":4},"sa":{"a":0,"k":0,"ix":5},"nm":"Transform"}],"nm":"Group 6","np":2,"cix":2,"bm":0,"ix":6,"mn":"ADBE Vector Group","hd":false},{"ty":"gr","it":[{"ind":0,"ty":"sh","ix":1,"ks":{"a":0,"k":{"i":[[0,0],[-14.925,1.547],[0,0]],"o":[[0,0],[12.269,-1.272],[0,0]],"v":[[-19.574,-13.238],[6.18,13.542],[19.574,-15.09]],"c":true},"ix":2},"nm":"Path 1","mn":"ADBE Vector Shape - Group","hd":false},{"ty":"fl","c":{"a":0,"k":[1,0.592000026329,0.455000005984,1],"ix":4},"o":{"a":0,"k":100,"ix":5},"r":1,"bm":0,"nm":"Fill 1","mn":"ADBE Vector Graphic - Fill","hd":false},{"ty":"tr","p":{"a":0,"k":[89.592,134.032],"ix":2},"a":{"a":0,"k":[0,0],"ix":1},"s":{"a":0,"k":[100,100],"ix":3},"r":{"a":0,"k":0,"ix":6},"o":{"a":0,"k":100,"ix":7},"sk":{"a":0,"k":0,"ix":4},"sa":{"a":0,"k":0,"ix":5},"nm":"Transform"}],"nm":"Group 7","np":2,"cix":2,"bm":0,"ix":7,"mn":"ADBE Vector Group","hd":false},{"ty":"gr","it":[{"ind":0,"ty":"sh","ix":1,"ks":{"a":0,"k":{"i":[[0,0],[5.831,-1.976],[0.079,0.048],[0,0],[0,0],[0,0],[-9.3,11.515],[0,0]],"o":[[0,0],[-5.831,1.976],[-0.078,-0.049],[0,0],[0,0],[11.031,10.01],[0,0],[0,0]],"v":[[12.09,-31.247],[0.234,-22.723],[-11.853,-24.816],[-19.256,-29.449],[-17.851,20.473],[-17.01,21.238],[17.896,18.654],[19.255,16.969]],"c":true},"ix":2},"nm":"Path 1","mn":"ADBE Vector Shape - Group","hd":false},{"ty":"fl","c":{"a":0,"k":[0.948999980852,0.658999992819,0.556999954523,1],"ix":4},"o":{"a":0,"k":100,"ix":5},"r":1,"bm":0,"nm":"Fill 1","mn":"ADBE Vector Graphic - Fill","hd":false},{"ty":"tr","p":{"a":0,"k":[94.531,156.411],"ix":2},"a":{"a":0,"k":[0,0],"ix":1},"s":{"a":0,"k":[100,100],"ix":3},"r":{"a":0,"k":0,"ix":6},"o":{"a":0,"k":100,"ix":7},"sk":{"a":0,"k":0,"ix":4},"sa":{"a":0,"k":0,"ix":5},"nm":"Transform"}],"nm":"Group 8","np":2,"cix":2,"bm":0,"ix":8,"mn":"ADBE Vector Group","hd":false},{"ty":"gr","it":[{"ind":0,"ty":"sh","ix":1,"ks":{"a":0,"k":{"i":[[-2.261,-26.769],[28.679,-2.422],[2.26,26.769],[-28.678,2.421]],"o":[[2.261,26.769],[-28.679,2.421],[-2.261,-26.769],[28.679,-2.422]],"v":[[51.928,-4.385],[4.092,48.469],[-51.928,4.385],[-4.094,-48.469]],"c":true},"ix":2},"nm":"Path 1","mn":"ADBE Vector Shape - Group","hd":false},{"ty":"fl","c":{"a":0,"k":[0.039000002543,0.039000002543,0.039000002543,1],"ix":4},"o":{"a":0,"k":100,"ix":5},"r":1,"bm":0,"nm":"Fill 1","mn":"ADBE Vector Graphic - Fill","hd":false},{"ty":"tr","p":{"a":0,"k":[85.987,59.576],"ix":2},"a":{"a":0,"k":[0,0],"ix":1},"s":{"a":0,"k":[100,100],"ix":3},"r":{"a":0,"k":0,"ix":6},"o":{"a":0,"k":100,"ix":7},"sk":{"a":0,"k":0,"ix":4},"sa":{"a":0,"k":0,"ix":5},"nm":"Transform"}],"nm":"Group 9","np":2,"cix":2,"bm":0,"ix":9,"mn":"ADBE Vector Group","hd":false},{"ty":"gr","it":[{"ind":0,"ty":"sh","ix":1,"ks":{"a":0,"k":{"i":[[0,0],[4.531,-11.045]],"o":[[0,0],[0,0]],"v":[[5.423,-3.284],[-5.423,5.523]],"c":false},"ix":2},"nm":"Path 1","mn":"ADBE Vector Shape - Group","hd":false},{"ty":"st","c":{"a":0,"k":[0.816000007181,0.388000009574,0.368999974868,1],"ix":3},"o":{"a":0,"k":100,"ix":4},"w":{"a":0,"k":0.661,"ix":5},"lc":2,"lj":2,"bm":0,"nm":"Stroke 1","mn":"ADBE Vector Graphic - Stroke","hd":false},{"ty":"tr","p":{"a":0,"k":[135.049,92.859],"ix":2},"a":{"a":0,"k":[0,0],"ix":1},"s":{"a":0,"k":[100,100],"ix":3},"r":{"a":0,"k":0,"ix":6},"o":{"a":0,"k":100,"ix":7},"sk":{"a":0,"k":0,"ix":4},"sa":{"a":0,"k":0,"ix":5},"nm":"Transform"}],"nm":"Group 10","np":2,"cix":2,"bm":0,"ix":10,"mn":"ADBE Vector Group","hd":false},{"ty":"gr","it":[{"ind":0,"ty":"sh","ix":1,"ks":{"a":0,"k":{"i":[[-0.704,-8.338],[-8.338,0.704],[0.704,8.337],[8.338,-0.704]],"o":[[0.704,8.338],[8.338,-0.704],[-0.704,-8.338],[-8.338,0.705]],"v":[[-15.097,1.275],[1.275,15.097],[15.096,-1.274],[-1.275,-15.097]],"c":true},"ix":2},"nm":"Path 1","mn":"ADBE Vector Shape - Group","hd":false},{"ty":"fl","c":{"a":0,"k":[0.948999980852,0.658999992819,0.556999954523,1],"ix":4},"o":{"a":0,"k":100,"ix":5},"r":1,"bm":0,"nm":"Fill 1","mn":"ADBE Vector Graphic - Fill","hd":false},{"ty":"tr","p":{"a":0,"k":[132.165,92.657],"ix":2},"a":{"a":0,"k":[0,0],"ix":1},"s":{"a":0,"k":[100,100],"ix":3},"r":{"a":0,"k":0,"ix":6},"o":{"a":0,"k":100,"ix":7},"sk":{"a":0,"k":0,"ix":4},"sa":{"a":0,"k":0,"ix":5},"nm":"Transform"}],"nm":"Group 11","np":2,"cix":2,"bm":0,"ix":11,"mn":"ADBE Vector Group","hd":false},{"ty":"gr","it":[{"ind":0,"ty":"sh","ix":1,"ks":{"a":0,"k":{"i":[[0,0],[-6.601,-9.946]],"o":[[0,0],[0,0]],"v":[[-6.178,-1.542],[6.178,4.973]],"c":false},"ix":2},"nm":"Path 1","mn":"ADBE Vector Shape - Group","hd":false},{"ty":"st","c":{"a":0,"k":[0.816000007181,0.388000009574,0.368999974868,1],"ix":3},"o":{"a":0,"k":100,"ix":4},"w":{"a":0,"k":0.661,"ix":5},"lc":2,"lj":2,"bm":0,"nm":"Stroke 1","mn":"ADBE Vector Graphic - Stroke","hd":false},{"ty":"tr","p":{"a":0,"k":[44.287,100.005],"ix":2},"a":{"a":0,"k":[0,0],"ix":1},"s":{"a":0,"k":[100,100],"ix":3},"r":{"a":0,"k":0,"ix":6},"o":{"a":0,"k":100,"ix":7},"sk":{"a":0,"k":0,"ix":4},"sa":{"a":0,"k":0,"ix":5},"nm":"Transform"}],"nm":"Group 12","np":2,"cix":2,"bm":0,"ix":12,"mn":"ADBE Vector Group","hd":false},{"ty":"gr","it":[{"ind":0,"ty":"sh","ix":1,"ks":{"a":0,"k":{"i":[[-0.939,-8.315],[8.314,-0.939],[0.94,8.314],[-8.314,0.939]],"o":[[0.939,8.314],[-8.314,0.94],[-0.939,-8.315],[8.315,-0.939]],"v":[[15.055,-1.701],[1.701,15.054],[-15.055,1.701],[-1.701,-15.055]],"c":true},"ix":2},"nm":"Path 1","mn":"ADBE Vector Shape - Group","hd":false},{"ty":"fl","c":{"a":0,"k":[0.948999980852,0.658999992819,0.556999954523,1],"ix":4},"o":{"a":0,"k":100,"ix":5},"r":1,"bm":0,"nm":"Fill 1","mn":"ADBE Vector Graphic - Fill","hd":false},{"ty":"tr","p":{"a":0,"k":[46.858,99.861],"ix":2},"a":{"a":0,"k":[0,0],"ix":1},"s":{"a":0,"k":[100,100],"ix":3},"r":{"a":0,"k":0,"ix":6},"o":{"a":0,"k":100,"ix":7},"sk":{"a":0,"k":0,"ix":4},"sa":{"a":0,"k":0,"ix":5},"nm":"Transform"}],"nm":"Group 13","np":2,"cix":2,"bm":0,"ix":13,"mn":"ADBE Vector Group","hd":false},{"ty":"gr","it":[{"ind":0,"ty":"sh","ix":1,"ks":{"a":0,"k":{"i":[[0,0],[-7.394,-48.52],[-19.593,49.101],[59.351,88.771]],"o":[[0,0],[38.215,250.777],[18.045,-45.221],[0,0]],"v":[[-68.402,-108.067],[-73.015,22.63],[55.746,191.998],[26.559,-132.515]],"c":true},"ix":2},"nm":"Path 1","mn":"ADBE Vector Shape - Group","hd":false},{"ty":"mm","mm":4,"nm":"Merge Paths 1","mn":"ADBE Vector Filter - Merge","hd":false},{"ty":"fl","c":{"a":0,"k":[0.039000002543,0.039000002543,0.039000002543,1],"ix":4},"o":{"a":0,"k":100,"ix":5},"r":1,"bm":0,"nm":"Fill 1","mn":"ADBE Vector Graphic - Fill","hd":false},{"ty":"tr","p":{"a":0,"k":[102.473,164.21],"ix":2},"a":{"a":0,"k":[0,0],"ix":1},"s":{"a":0,"k":[100,100],"ix":3},"r":{"a":0,"k":0,"ix":6},"o":{"a":0,"k":100,"ix":7},"sk":{"a":0,"k":0,"ix":4},"sa":{"a":0,"k":0,"ix":5},"nm":"Transform"}],"nm":"Group 14","np":3,"cix":2,"bm":0,"ix":14,"mn":"ADBE Vector Group","hd":false}],"ip":0,"op":160.000006516934,"st":0,"bm":0}],"markers":[]}